-- phpMyAdmin SQL Dump
-- version 4.9.2
-- https://www.phpmyadmin.net/
--
-- Host: 127.0.0.1:3306
-- Generation Time: May 01, 2020 at 10:17 AM
-- Server version: 10.4.10-MariaDB
-- PHP Version: 7.4.0

SET SQL_MODE = "NO_AUTO_VALUE_ON_ZERO";
SET AUTOCOMMIT = 0;
START TRANSACTION;
SET time_zone = "+00:00";


/*!40101 SET @OLD_CHARACTER_SET_CLIENT=@@CHARACTER_SET_CLIENT */;
/*!40101 SET @OLD_CHARACTER_SET_RESULTS=@@CHARACTER_SET_RESULTS */;
/*!40101 SET @OLD_COLLATION_CONNECTION=@@COLLATION_CONNECTION */;
/*!40101 SET NAMES utf8mb4 */;

--
-- Database: `ppi_poland`
--

-- --------------------------------------------------------

--
-- Table structure for table `field_type`
--

DROP TABLE IF EXISTS `field_type`;
CREATE TABLE IF NOT EXISTS `field_type` (
  `id` int(11) NOT NULL AUTO_INCREMENT,
  `name` varchar(50) NOT NULL,
  PRIMARY KEY (`id`)
) ENGINE=InnoDB AUTO_INCREMENT=7 DEFAULT CHARSET=utf8;

--
-- Dumping data for table `field_type`
--

INSERT INTO `field_type` (`id`, `name`) VALUES
(1, 'text'),
(2, 'date'),
(3, 'textarea'),
(4, 'number'),
(5, 'radio'),
(6, 'checkbox');

-- --------------------------------------------------------

--
-- Table structure for table `groups`
--

DROP TABLE IF EXISTS `groups`;
CREATE TABLE IF NOT EXISTS `groups` (
  `id` mediumint(8) UNSIGNED NOT NULL AUTO_INCREMENT,
  `name` varchar(20) NOT NULL,
  `description` varchar(100) NOT NULL,
  PRIMARY KEY (`id`)
) ENGINE=InnoDB AUTO_INCREMENT=3 DEFAULT CHARSET=utf8;

--
-- Dumping data for table `groups`
--

INSERT INTO `groups` (`id`, `name`, `description`) VALUES
(1, 'admin', 'Administrator'),
(2, 'members', 'General User');

-- --------------------------------------------------------

--
-- Table structure for table `jabatan`
--

DROP TABLE IF EXISTS `jabatan`;
CREATE TABLE IF NOT EXISTS `jabatan` (
  `id` int(11) NOT NULL AUTO_INCREMENT,
  `name` varchar(100) NOT NULL,
  `created_at` datetime DEFAULT NULL,
  `updated_at` datetime DEFAULT NULL,
  `deleted_at` datetime DEFAULT NULL,
  PRIMARY KEY (`id`)
) ENGINE=InnoDB AUTO_INCREMENT=11 DEFAULT CHARSET=utf8;

-- --------------------------------------------------------

--
-- Table structure for table `kepengurusan`
--

DROP TABLE IF EXISTS `kepengurusan`;
CREATE TABLE IF NOT EXISTS `kepengurusan` (
  `id` int(11) NOT NULL AUTO_INCREMENT,
  `name` varchar(256) NOT NULL,
  `periode_start` date NOT NULL,
  `periode_end` date NOT NULL,
  `created_at` datetime DEFAULT NULL,
  `updated_at` datetime DEFAULT NULL,
  `deleted_at` datetime DEFAULT NULL,
  PRIMARY KEY (`id`)
) ENGINE=InnoDB AUTO_INCREMENT=4 DEFAULT CHARSET=utf8;

-- --------------------------------------------------------

--
-- Table structure for table `location`
--

DROP TABLE IF EXISTS `location`;
CREATE TABLE IF NOT EXISTS `location` (
  `id` int(11) NOT NULL AUTO_INCREMENT,
  `name` varchar(256) NOT NULL,
  `parent_id` int(11) DEFAULT NULL,
  `level` int(11) NOT NULL,
  `latitude` varchar(100) DEFAULT NULL,
  `longitude` varchar(100) DEFAULT NULL,
  `created_at` datetime DEFAULT NULL,
  `updated_at` datetime DEFAULT NULL,
  `deleted_at` datetime DEFAULT NULL,
  PRIMARY KEY (`id`)
) ENGINE=InnoDB AUTO_INCREMENT=933 DEFAULT CHARSET=utf8;

--
-- Dumping data for table `location`
--

INSERT INTO `location` (`id`, `name`, `parent_id`, `level`, `latitude`, `longitude`, `created_at`, `updated_at`, `deleted_at`) VALUES
(1, 'Poland', NULL, 1, '52', '20', NULL, NULL, NULL),
(2, 'Wielkopolskie', 1, 2, '52.333889', '17.247222', NULL, NULL, NULL),
(3, 'Kujawsko-Pomorskie', 1, 2, '53.078333', '18.493611', NULL, NULL, NULL),
(4, 'Małopolskie', 1, 2, '49.859444', '20.274722', NULL, NULL, NULL),
(5, 'Łódzkie', 1, 2, '51.666667', '19.433333', NULL, NULL, NULL),
(6, 'Dolnośląskie', 1, 2, '51.083333', '16.4', NULL, NULL, NULL),
(7, 'Lubelskie', 1, 2, '51.222778', '22.902778', NULL, NULL, NULL),
(8, 'Lubuskie', 1, 2, '52.195278', '15.3475', NULL, NULL, NULL),
(9, 'Mazowieckie', 1, 2, '52.216667', '21', NULL, NULL, NULL),
(10, 'Opolskie', 1, 2, '50.648333', '17.900556', NULL, NULL, NULL),
(11, 'Podlaskie', 1, 2, '53.116667', '23.166667', NULL, NULL, NULL),
(12, 'Pomorskie', 1, 2, '54.195278', '18.016389', NULL, NULL, NULL),
(13, 'Śląskie', 1, 2, '50.333333', '19.000278', NULL, NULL, NULL),
(14, 'Podkarpackie', 1, 2, '49.956667', '22.172778', NULL, NULL, NULL),
(15, 'Świętokrzyskie', 1, 2, '50.765556', '20.773611', NULL, NULL, NULL),
(16, 'Warmińsko-Mazurskie', 1, 2, '53.85', '20.833333', NULL, NULL, NULL),
(17, 'Zachodniopomorskie', 1, 2, '53.416667', '14.583333', NULL, NULL, NULL),
(18, 'Nowe Skalmierzyce', 2, 3, '51.716667', '18.000000', '2020-04-25 10:15:11', '2020-04-25 10:15:11', NULL),
(19, 'Śmigiel', 2, 3, '52.009167', '16.518611', '2020-04-25 10:15:11', '2020-04-25 10:15:11', NULL),
(20, 'Wągrowiec', 2, 3, '52.800000', '17.200000', '2020-04-25 10:15:11', '2020-04-25 10:15:11', NULL),
(21, 'Tuliszków', 2, 3, '52.076667', '18.293889', '2020-04-25 10:15:11', '2020-04-25 10:15:11', NULL),
(22, 'Pobiedziska', 2, 3, '52.483333', '17.483333', '2020-04-25 10:15:11', '2020-04-25 10:15:11', NULL),
(23, 'Margonin', 2, 3, '52.966667', '17.083333', '2020-04-25 10:15:11', '2020-04-25 10:15:11', NULL),
(24, 'Czerniejewo', 2, 3, '52.433333', '17.483333', '2020-04-25 10:15:11', '2020-04-25 10:15:11', NULL),
(25, 'Wyrzysk', 2, 3, '53.152500', '17.267778', '2020-04-25 10:15:11', '2020-04-25 10:15:11', NULL),
(26, 'Szamotuły', 2, 3, '52.600000', '16.583333', '2020-04-25 10:15:11', '2020-04-25 10:15:11', NULL),
(27, 'Miejska Górka', 2, 3, '51.655556', '16.961111', '2020-04-25 10:15:11', '2020-04-25 10:15:11', NULL),
(28, 'Nekla', 2, 3, '52.366667', '17.416667', '2020-04-25 10:15:12', '2020-04-25 10:15:12', NULL),
(29, 'Stęszew', 2, 3, '52.266667', '16.700000', '2020-04-25 10:15:12', '2020-04-25 10:15:12', NULL),
(30, 'Czempiń', 2, 3, '52.161667', '16.777222', '2020-04-25 10:15:12', '2020-04-25 10:15:12', NULL),
(31, 'Opalenica', 2, 3, '52.307778', '16.413611', '2020-04-25 10:15:12', '2020-04-25 10:15:12', NULL),
(32, 'Odolanów', 2, 3, '51.566667', '17.666667', '2020-04-25 10:15:12', '2020-04-25 10:15:12', NULL),
(33, 'Sulmierzyce', 2, 3, '51.600000', '17.533333', '2020-04-25 10:15:12', '2020-04-25 10:15:12', NULL),
(34, 'Ślesin', 2, 3, '52.366667', '18.300000', '2020-04-25 10:15:12', '2020-04-25 10:15:12', NULL),
(35, 'Wronki', 2, 3, '52.700000', '16.383333', '2020-04-25 10:15:12', '2020-04-25 10:15:12', NULL),
(36, 'Rakoniewice', 2, 3, '52.140833', '16.273056', '2020-04-25 10:15:12', '2020-04-25 10:15:12', NULL),
(37, 'Kobylin', 2, 3, '51.700000', '17.233333', '2020-04-25 10:15:12', '2020-04-25 10:15:12', NULL),
(38, 'Zduny', 2, 3, '51.646667', '17.377778', '2020-04-25 10:15:12', '2020-04-25 10:15:12', NULL),
(39, 'Gołańcz', 2, 3, '52.948333', '17.301389', '2020-04-25 10:15:12', '2020-04-25 10:15:12', NULL),
(40, 'Pyzdry', 2, 3, '52.166667', '17.683333', '2020-04-25 10:15:12', '2020-04-25 10:15:12', NULL),
(41, 'Ujście', 2, 3, '53.066667', '16.733333', '2020-04-25 10:15:12', '2020-04-25 10:15:12', NULL),
(42, 'Buk', 2, 3, '52.350000', '16.516667', '2020-04-25 10:15:12', '2020-04-25 10:15:12', NULL),
(43, 'Wieleń', 2, 3, '52.892222', '16.173611', '2020-04-25 10:15:12', '2020-04-25 10:15:12', NULL),
(44, 'Międzychód', 2, 3, '52.600000', '15.883333', '2020-04-25 10:15:12', '2020-04-25 10:15:12', NULL),
(45, 'Swarzędz', 2, 3, '52.408333', '17.071389', '2020-04-25 10:15:12', '2020-04-25 10:15:12', NULL),
(46, 'Puszczykowo', 2, 3, '52.281667', '16.854167', '2020-04-25 10:15:12', '2020-04-25 10:15:12', NULL),
(47, 'Kłodawa', 2, 3, '52.250556', '18.915556', '2020-04-25 10:15:12', '2020-04-25 10:15:12', NULL),
(48, 'Kostrzyn', 2, 3, '52.394167', '17.222222', '2020-04-25 10:15:12', '2020-04-25 10:15:12', NULL),
(49, 'Rogoźno', 2, 3, '52.749167', '16.999722', '2020-04-25 10:15:12', '2020-04-25 10:15:12', NULL),
(50, 'Mosina', 2, 3, '52.246667', '16.845000', '2020-04-25 10:15:12', '2020-04-25 10:15:12', NULL),
(51, 'Kórnik', 2, 3, '52.236667', '17.098611', '2020-04-25 10:15:12', '2020-04-25 10:15:12', NULL),
(52, 'Gostyń', 2, 3, '51.879167', '17.012500', '2020-04-25 10:15:12', '2020-04-25 10:15:12', NULL),
(53, 'Trzemeszno', 2, 3, '52.566667', '17.816667', '2020-04-25 10:15:12', '2020-04-25 10:15:12', NULL),
(54, 'Kościan', 2, 3, '52.083333', '16.650000', '2020-04-25 10:15:12', '2020-04-25 10:15:12', NULL),
(55, 'Golina', 2, 3, '52.263333', '18.111944', '2020-04-25 10:15:12', '2020-04-25 10:15:12', NULL),
(56, 'Bojanowo', 2, 3, '51.700000', '16.750000', '2020-04-25 10:15:13', '2020-04-25 10:15:13', NULL),
(57, 'Kleczew', 2, 3, '52.371111', '18.176389', '2020-04-25 10:15:13', '2020-04-25 10:15:13', NULL),
(58, 'Krzyż Wielkopolski', 2, 3, '52.879167', '16.008333', '2020-04-25 10:15:13', '2020-04-25 10:15:13', NULL),
(59, 'Witkowo', 2, 3, '52.436389', '17.774167', '2020-04-25 10:15:13', '2020-04-25 10:15:13', NULL),
(60, 'Słupca', 2, 3, '52.300000', '17.866667', '2020-04-25 10:15:13', '2020-04-25 10:15:13', NULL),
(61, 'Książ Wielkopolski', 2, 3, '52.066667', '17.233333', '2020-04-25 10:15:13', '2020-04-25 10:15:13', NULL),
(62, 'Luboń', 2, 3, '52.333333', '16.883333', '2020-04-25 10:15:13', '2020-04-25 10:15:13', NULL),
(63, 'Chodzież', 2, 3, '52.983333', '16.900000', '2020-04-25 10:15:13', '2020-04-25 10:15:13', NULL),
(64, 'Łobżenica', 2, 3, '53.266667', '17.250000', '2020-04-25 10:15:13', '2020-04-25 10:15:13', NULL),
(65, 'Poniec', 2, 3, '51.758333', '16.816667', '2020-04-25 10:15:13', '2020-04-25 10:15:13', NULL),
(66, 'Zagórów', 2, 3, '52.165556', '17.891667', '2020-04-25 10:15:13', '2020-04-25 10:15:13', NULL),
(67, 'Sieraków', 2, 3, '52.650000', '16.100000', '2020-04-25 10:15:13', '2020-04-25 10:15:13', NULL),
(68, 'Ostrzeszów', 2, 3, '51.416667', '17.933333', '2020-04-25 10:15:13', '2020-04-25 10:15:13', NULL),
(69, 'Skoki', 2, 3, '52.666667', '17.150000', '2020-04-25 10:15:13', '2020-04-25 10:15:13', NULL),
(70, 'Nowy Tomyśl', 2, 3, '52.316667', '16.133333', '2020-04-25 10:15:13', '2020-04-25 10:15:13', NULL),
(71, 'Zbąszyń', 2, 3, '52.253056', '15.917778', '2020-04-25 10:15:13', '2020-04-25 10:15:13', NULL),
(72, 'Złotów', 2, 3, '53.360278', '17.040833', '2020-04-25 10:15:13', '2020-04-25 10:15:13', NULL),
(73, 'Miłosław', 2, 3, '52.206667', '17.483056', '2020-04-25 10:15:13', '2020-04-25 10:15:13', NULL),
(74, 'Środa Wielkopolska', 2, 3, '52.233333', '17.283333', '2020-04-25 10:15:13', '2020-04-25 10:15:13', NULL),
(75, 'Czarnków', 2, 3, '52.900000', '16.566667', '2020-04-25 10:15:13', '2020-04-25 10:15:13', NULL),
(76, 'Pniewy', 2, 3, '52.516667', '16.266667', '2020-04-25 10:15:13', '2020-04-25 10:15:13', NULL),
(77, 'Sompolno', 2, 3, '52.411111', '18.502778', '2020-04-25 10:15:13', '2020-04-25 10:15:13', NULL),
(78, 'Osieczna', 2, 3, '51.905833', '16.676389', '2020-04-25 10:15:13', '2020-04-25 10:15:13', NULL),
(79, 'Krobia', 2, 3, '51.783333', '16.983333', '2020-04-25 10:15:13', '2020-04-25 10:15:13', NULL),
(80, 'Września', 2, 3, '52.333333', '17.583333', '2020-04-25 10:15:13', '2020-04-25 10:15:13', NULL),
(81, 'Śrem', 2, 3, '52.088611', '17.014722', '2020-04-25 10:15:13', '2020-04-25 10:15:13', NULL),
(82, 'Żerków', 2, 3, '52.066667', '17.566667', '2020-04-25 10:15:13', '2020-04-25 10:15:13', NULL),
(83, 'Borek Wielkopolski', 2, 3, '51.916667', '17.250000', '2020-04-25 10:15:13', '2020-04-25 10:15:13', NULL),
(84, 'Rychwał', 2, 3, '52.071111', '18.171667', '2020-04-25 10:15:13', '2020-04-25 10:15:13', NULL),
(85, 'Szamocin', 2, 3, '53.030278', '17.120556', '2020-04-25 10:15:13', '2020-04-25 10:15:13', NULL),
(86, 'Raszków', 2, 3, '51.716667', '17.733333', '2020-04-25 10:15:13', '2020-04-25 10:15:13', NULL),
(87, 'Dąbie, Greater Poland Voivodeship', 2, 3, '52.088611', '18.825556', '2020-04-25 10:15:14', '2020-04-25 10:15:14', NULL),
(88, 'Turek, Poland', 2, 3, '52.016667', '18.500000', '2020-04-25 10:15:14', '2020-04-25 10:15:14', NULL),
(89, 'Ostroróg', 2, 3, '52.633333', '16.466667', '2020-04-25 10:15:14', '2020-04-25 10:15:14', NULL),
(90, 'Obrzycko', 2, 3, '52.706389', '16.529167', '2020-04-25 10:15:14', '2020-04-25 10:15:14', NULL),
(91, 'Pogorzela', 2, 3, '51.820833', '17.234722', '2020-04-25 10:15:14', '2020-04-25 10:15:14', NULL),
(92, 'Kłecko', 2, 3, '52.633333', '17.433333', '2020-04-25 10:15:14', '2020-04-25 10:15:14', NULL),
(93, 'Okonek', 2, 3, '53.533333', '16.850000', '2020-04-25 10:15:14', '2020-04-25 10:15:14', NULL),
(94, 'Jastrowie', 2, 3, '53.421667', '16.815556', '2020-04-25 10:15:14', '2020-04-25 10:15:14', NULL),
(95, 'Rydzyna', 2, 3, '51.800000', '16.666667', '2020-04-25 10:15:14', '2020-04-25 10:15:14', NULL),
(96, 'Kępno', 2, 3, '51.283333', '17.983333', '2020-04-25 10:15:14', '2020-04-25 10:15:14', NULL),
(97, 'Pleszew', 2, 3, '51.883333', '17.783333', '2020-04-25 10:15:14', '2020-04-25 10:15:14', NULL),
(98, 'Koło', 2, 3, '52.200000', '18.633333', '2020-04-25 10:15:14', '2020-04-25 10:15:14', NULL),
(99, 'Jarocin', 2, 3, '51.966667', '17.500000', '2020-04-25 10:15:14', '2020-04-25 10:15:14', NULL),
(100, 'Rawicz', 2, 3, '51.609167', '16.857500', '2020-04-25 10:15:14', '2020-04-25 10:15:14', NULL),
(101, 'Grodzisk Wielkopolski', 2, 3, '52.233333', '16.366667', '2020-04-25 10:15:14', '2020-04-25 10:15:14', NULL),
(102, 'Koźmin Wielkopolski', 2, 3, '51.823889', '17.455278', '2020-04-25 10:15:14', '2020-04-25 10:15:14', NULL),
(103, 'Murowana Goślina', 2, 3, '52.566667', '17.016667', '2020-04-25 10:15:14', '2020-04-25 10:15:14', NULL),
(104, 'Ostrów Wielkopolski', 2, 3, '51.650000', '17.700000', '2020-04-25 10:15:14', '2020-04-25 10:15:14', NULL),
(105, 'Krotoszyn', 2, 3, '51.683333', '17.433333', '2020-04-25 10:15:14', '2020-04-25 10:15:14', NULL),
(106, 'Trzcianka', 2, 3, '53.050000', '16.466667', '2020-04-25 10:15:14', '2020-04-25 10:15:14', NULL),
(107, 'Wysoka', 2, 3, '53.166667', '17.100000', '2020-04-25 10:15:14', '2020-04-25 10:15:14', NULL),
(108, 'Wolsztyn', 2, 3, '52.116667', '16.116667', '2020-04-25 10:15:14', '2020-04-25 10:15:14', NULL),
(109, 'Oborniki', 2, 3, '52.650000', '16.816667', '2020-04-25 10:15:14', '2020-04-25 10:15:14', NULL),
(110, 'Krajenka', 2, 3, '53.308611', '16.986111', '2020-04-25 10:15:14', '2020-04-25 10:15:14', NULL),
(111, 'Grabów nad Prosną', 2, 3, '51.500000', '18.116667', '2020-04-25 10:15:14', '2020-04-25 10:15:14', NULL),
(112, 'Lwówek', 2, 3, '52.450000', '16.183333', '2020-04-25 10:15:14', '2020-04-25 10:15:14', NULL),
(113, 'Leszno', 2, 3, '51.845833', '16.580556', '2020-04-25 10:15:14', '2020-04-25 10:15:14', NULL),
(114, 'Kalisz', 2, 3, '51.757500', '18.080000', '2020-04-25 10:15:14', '2020-04-25 10:15:14', NULL),
(115, 'Gniezno', 2, 3, '52.533333', '17.600000', '2020-04-25 10:15:14', '2020-04-25 10:15:14', NULL),
(116, 'Konin', 2, 3, '52.216667', '18.266667', '2020-04-25 10:15:14', '2020-04-25 10:15:14', NULL),
(117, 'Piła', 2, 3, '53.150000', '16.733333', '2020-04-25 10:15:14', '2020-04-25 10:15:14', NULL),
(118, 'Poznań', 2, 3, '52.400000', '16.916667', '2020-04-25 10:15:14', '2020-04-25 10:15:14', NULL),
(119, 'Mikstat', 2, 3, '51.533333', '17.966667', '2020-04-25 10:15:14', '2020-04-25 10:15:14', NULL),
(120, 'Jutrosin', 2, 3, '51.647222', '17.169444', '2020-04-25 10:15:14', '2020-04-25 10:15:14', NULL),
(121, 'Dobra, Turek County', 2, 3, '51.900000', '18.600000', '2020-04-25 10:15:15', '2020-04-25 10:15:15', NULL),
(122, 'Stawiszyn', 2, 3, '51.918333', '18.111389', '2020-04-25 10:15:15', '2020-04-25 10:15:15', NULL),
(123, 'Przedecz', 2, 3, '52.333889', '18.898889', '2020-04-25 10:15:15', '2020-04-25 10:15:15', NULL),
(124, 'Dolsk', 2, 3, '51.981944', '17.066389', '2020-04-25 10:15:15', '2020-04-25 10:15:15', NULL),
(125, 'Wielichowo', 2, 3, '52.118889', '16.349444', '2020-04-25 10:15:15', '2020-04-25 10:15:15', NULL),
(126, 'Krzywiń', 2, 3, '51.966667', '16.816667', '2020-04-25 10:15:15', '2020-04-25 10:15:15', NULL),
(127, 'Górzno', 3, 3, '53.200000', '19.650000', '2020-04-25 10:18:47', '2020-04-25 10:18:47', NULL),
(128, 'Koronowo', 3, 3, '53.316667', '17.933333', '2020-04-25 10:18:47', '2020-04-25 10:18:47', NULL),
(129, 'Brodnica', 3, 3, '53.259722', '19.395556', '2020-04-25 10:18:47', '2020-04-25 10:18:47', NULL),
(130, 'Ciechocinek', 3, 3, '52.883333', '18.783333', '2020-04-25 10:18:47', '2020-04-25 10:18:47', NULL),
(131, 'Mogilno', 3, 3, '52.650000', '17.950000', '2020-04-25 10:18:47', '2020-04-25 10:18:47', NULL),
(132, 'Pakość', 3, 3, '52.805278', '18.083889', '2020-04-25 10:18:47', '2020-04-25 10:18:47', NULL),
(133, 'Izbica Kujawska', 3, 3, '52.419444', '18.760278', '2020-04-25 10:18:48', '2020-04-25 10:18:48', NULL),
(134, 'Kowalewo Pomorskie', 3, 3, '53.166667', '18.900000', '2020-04-25 10:18:48', '2020-04-25 10:18:48', NULL),
(135, 'Mrocza', 3, 3, '53.242500', '17.598889', '2020-04-25 10:18:48', '2020-04-25 10:18:48', NULL),
(136, 'Chodecz', 3, 3, '52.405278', '19.028333', '2020-04-25 10:18:48', '2020-04-25 10:18:48', NULL),
(137, 'Janowiec Wielkopolski', 3, 3, '52.756944', '17.488056', '2020-04-25 10:18:48', '2020-04-25 10:18:48', NULL),
(138, 'Lubraniec', 3, 3, '52.541944', '18.835556', '2020-04-25 10:18:48', '2020-04-25 10:18:48', NULL),
(139, 'Aleksandrów Kujawski', 3, 3, '52.866667', '18.700000', '2020-04-25 10:18:48', '2020-04-25 10:18:48', NULL),
(140, 'Nieszawa', 3, 3, '52.836667', '18.901389', '2020-04-25 10:18:48', '2020-04-25 10:18:48', NULL),
(141, 'Kamień Krajeński', 3, 3, '53.531944', '17.528611', '2020-04-25 10:18:48', '2020-04-25 10:18:48', NULL),
(142, 'Szubin', 3, 3, '53.016667', '17.750000', '2020-04-25 10:18:48', '2020-04-25 10:18:48', NULL),
(143, 'Nowe', 3, 3, '53.649444', '18.725556', '2020-04-25 10:18:48', '2020-04-25 10:18:48', NULL),
(144, 'Golub-Dobrzyń', 3, 3, '53.100000', '19.050000', '2020-04-25 10:18:48', '2020-04-25 10:18:48', NULL),
(145, 'Gniewkowo', 3, 3, '52.900000', '18.416667', '2020-04-25 10:18:48', '2020-04-25 10:18:48', NULL),
(146, 'Więcbork', 3, 3, '53.354167', '17.492778', '2020-04-25 10:18:48', '2020-04-25 10:18:48', NULL),
(147, 'Brześć Kujawski', 3, 3, '52.605000', '18.898056', '2020-04-25 10:18:48', '2020-04-25 10:18:48', NULL),
(148, 'Kowal (town)', 3, 3, '52.532500', '19.145000', '2020-04-25 10:18:48', '2020-04-25 10:18:48', NULL),
(149, 'Kruszwica', 3, 3, '52.677222', '18.329167', '2020-04-25 10:18:48', '2020-04-25 10:18:48', NULL),
(150, 'Jabłonowo Pomorskie', 3, 3, '53.391944', '19.156667', '2020-04-25 10:18:48', '2020-04-25 10:18:48', NULL),
(151, 'Rypin', 3, 3, '53.066667', '19.450000', '2020-04-25 10:18:48', '2020-04-25 10:18:48', NULL),
(152, 'Solec Kujawski', 3, 3, '53.083333', '18.233333', '2020-04-25 10:18:48', '2020-04-25 10:18:48', NULL),
(153, 'Piotrków Kujawski', 3, 3, '52.546944', '18.500833', '2020-04-25 10:18:48', '2020-04-25 10:18:48', NULL),
(154, 'Skępe', 3, 3, '52.866111', '19.346944', '2020-04-25 10:18:48', '2020-04-25 10:18:48', NULL),
(155, 'Kcynia', 3, 3, '52.991944', '17.484444', '2020-04-25 10:18:48', '2020-04-25 10:18:48', NULL),
(156, 'Lubień Kujawski', 3, 3, '52.404722', '19.164722', '2020-04-25 10:18:48', '2020-04-25 10:18:48', NULL),
(157, 'Strzelno', 3, 3, '52.629444', '18.170000', '2020-04-25 10:18:48', '2020-04-25 10:18:48', NULL),
(158, 'Łasin', 3, 3, '53.516389', '19.090000', '2020-04-25 10:18:48', '2020-04-25 10:18:48', NULL),
(159, 'Radzyń Chełmiński', 3, 3, '53.385556', '18.936389', '2020-04-25 10:18:48', '2020-04-25 10:18:48', NULL),
(160, 'Łabiszyn', 3, 3, '52.953056', '17.914444', '2020-04-25 10:18:48', '2020-04-25 10:18:48', NULL),
(161, 'Barcin', 3, 3, '52.850000', '17.950000', '2020-04-25 10:18:48', '2020-04-25 10:18:48', NULL),
(162, 'Nakło nad Notecią', 3, 3, '53.140278', '17.592778', '2020-04-25 10:18:49', '2020-04-25 10:18:49', NULL),
(163, 'Radziejów', 3, 3, '52.633333', '18.516667', '2020-04-25 10:18:49', '2020-04-25 10:18:49', NULL),
(164, 'Świecie', 3, 3, '53.416667', '18.433333', '2020-04-25 10:18:49', '2020-04-25 10:18:49', NULL),
(165, 'Wąbrzeźno', 3, 3, '53.283333', '18.950000', '2020-04-25 10:18:49', '2020-04-25 10:18:49', NULL),
(166, 'Sępólno Krajeńskie', 3, 3, '53.450000', '17.530000', '2020-04-25 10:18:49', '2020-04-25 10:18:49', NULL),
(167, 'Dobrzyń nad Wisłą', 3, 3, '52.637778', '19.321389', '2020-04-25 10:18:49', '2020-04-25 10:18:49', NULL),
(168, 'Chełmno', 3, 3, '53.349167', '18.423056', '2020-04-25 10:18:49', '2020-04-25 10:18:49', NULL),
(169, 'Chełmża', 3, 3, '53.184722', '18.604167', '2020-04-25 10:18:49', '2020-04-25 10:18:49', NULL),
(170, 'Żnin', 3, 3, '52.850000', '17.700000', '2020-04-25 10:18:49', '2020-04-25 10:18:49', NULL),
(171, 'Inowrocław', 3, 3, '52.793056', '18.261111', '2020-04-25 10:18:49', '2020-04-25 10:18:49', NULL),
(172, 'Janikowo', 3, 3, '52.750000', '18.100000', '2020-04-25 10:18:49', '2020-04-25 10:18:49', NULL),
(173, 'Grudziądz', 3, 3, '53.492500', '18.776111', '2020-04-25 10:18:49', '2020-04-25 10:18:49', NULL),
(174, 'Włocławek', 3, 3, '52.659167', '19.068056', '2020-04-25 10:18:49', '2020-04-25 10:18:49', NULL),
(175, 'Tuchola', 3, 3, '53.600000', '17.850000', '2020-04-25 10:18:49', '2020-04-25 10:18:49', NULL),
(176, 'Toruń', 3, 3, '53.022222', '18.611111', '2020-04-25 10:18:49', '2020-04-25 10:18:49', NULL),
(177, 'Bydgoszcz', 3, 3, '53.121944', '18.000278', '2020-04-25 10:18:49', '2020-04-25 10:18:49', NULL),
(178, 'Lipno', 3, 3, '52.85', '19.166667', NULL, NULL, NULL),
(179, 'Żabno', 4, 3, '50.132778', '20.885278', '2020-04-25 10:21:39', '2020-04-25 10:21:39', NULL),
(180, 'Muszyna', 4, 3, '49.358333', '20.900000', '2020-04-25 10:21:39', '2020-04-25 10:21:39', NULL),
(181, 'Jordanów', 4, 3, '49.666667', '19.833333', '2020-04-25 10:21:39', '2020-04-25 10:21:39', NULL),
(182, 'Libiąż', 4, 3, '50.100000', '19.316667', '2020-04-25 10:21:39', '2020-04-25 10:21:39', NULL),
(183, 'Brzesko', 4, 3, '49.966667', '20.616667', '2020-04-25 10:21:39', '2020-04-25 10:21:39', NULL),
(184, 'Bukowno', 4, 3, '50.268056', '19.463056', '2020-04-25 10:21:39', '2020-04-25 10:21:39', NULL),
(185, 'Dobczyce', 4, 3, '49.900000', '20.100000', '2020-04-25 10:21:39', '2020-04-25 10:21:39', NULL),
(186, 'Nowe Brzesko', 4, 3, '50.137222', '20.384722', '2020-04-25 10:21:39', '2020-04-25 10:21:39', NULL),
(187, 'Skawina', 4, 3, '49.983333', '19.833333', '2020-04-25 10:21:39', '2020-04-25 10:21:39', NULL),
(188, 'Grybów', 4, 3, '49.624444', '20.948333', '2020-04-25 10:21:39', '2020-04-25 10:21:39', NULL),
(189, 'Sułkowice', 4, 3, '49.837778', '19.795556', '2020-04-25 10:21:39', '2020-04-25 10:21:39', NULL),
(190, 'Proszowice', 4, 3, '50.200000', '20.300000', '2020-04-25 10:21:39', '2020-04-25 10:21:39', NULL),
(191, 'Wolbrom', 4, 3, '50.400000', '19.766667', '2020-04-25 10:21:39', '2020-04-25 10:21:39', NULL),
(192, 'Maków Podhalański', 4, 3, '49.730556', '19.680833', '2020-04-25 10:21:39', '2020-04-25 10:21:39', NULL),
(193, 'Stary Sącz', 4, 3, '49.562500', '20.636389', '2020-04-25 10:21:39', '2020-04-25 10:21:39', NULL),
(194, 'Miechów', 4, 3, '50.357778', '20.032500', '2020-04-25 10:21:39', '2020-04-25 10:21:39', NULL),
(195, 'Kęty', 4, 3, '49.900000', '19.216667', '2020-04-25 10:21:39', '2020-04-25 10:21:39', NULL),
(196, 'Nowy Wiśnicz', 4, 3, '49.916667', '20.450000', '2020-04-25 10:21:39', '2020-04-25 10:21:39', NULL),
(197, 'Ciężkowice', 4, 3, '49.800000', '20.966667', '2020-04-25 10:21:39', '2020-04-25 10:21:39', NULL),
(198, 'Dąbrowa Tarnowska', 4, 3, '50.166667', '20.983333', '2020-04-25 10:21:39', '2020-04-25 10:21:39', NULL),
(199, 'Brzeszcze', 4, 3, '50.000000', '19.150000', '2020-04-25 10:21:39', '2020-04-25 10:21:39', NULL),
(200, 'Szczucin', 4, 3, '50.300000', '21.066667', '2020-04-25 10:21:39', '2020-04-25 10:21:39', NULL),
(201, 'Rabka-Zdrój', 4, 3, '49.608333', '19.966667', '2020-04-25 10:21:39', '2020-04-25 10:21:39', NULL),
(202, 'Radłów', 4, 3, '50.083333', '20.850000', '2020-04-25 10:21:39', '2020-04-25 10:21:39', NULL),
(203, 'Bobowa', 4, 3, '49.708611', '20.944722', '2020-04-25 10:21:39', '2020-04-25 10:21:39', NULL),
(204, 'Mszana Dolna', 4, 3, '49.666667', '20.066667', '2020-04-25 10:21:39', '2020-04-25 10:21:39', NULL),
(205, 'Niepołomice', 4, 3, '50.033889', '20.217222', '2020-04-25 10:21:39', '2020-04-25 10:21:39', NULL),
(206, 'Słomniki', 4, 3, '50.250000', '20.100000', '2020-04-25 10:21:40', '2020-04-25 10:21:40', NULL),
(207, 'Chełmek', 4, 3, '50.116667', '19.250000', '2020-04-25 10:21:40', '2020-04-25 10:21:40', NULL),
(208, 'Andrychów', 4, 3, '49.866667', '19.333333', '2020-04-25 10:21:40', '2020-04-25 10:21:40', NULL),
(209, 'Skała', 4, 3, '50.233333', '19.866667', '2020-04-25 10:21:40', '2020-04-25 10:21:40', NULL),
(210, 'Świątniki Górne', 4, 3, '49.933333', '19.950000', '2020-04-25 10:21:40', '2020-04-25 10:21:40', NULL),
(211, 'Czchów', 4, 3, '49.850000', '20.683333', '2020-04-25 10:21:40', '2020-04-25 10:21:40', NULL),
(212, 'Tuchów', 4, 3, '49.900000', '21.050000', '2020-04-25 10:21:40', '2020-04-25 10:21:40', NULL),
(213, 'Limanowa', 4, 3, '49.700556', '20.426667', '2020-04-25 10:21:40', '2020-04-25 10:21:40', NULL),
(214, 'Piwniczna-Zdrój', 4, 3, '49.435278', '20.711389', '2020-04-25 10:21:40', '2020-04-25 10:21:40', NULL),
(215, 'Krzeszowice', 4, 3, '50.133333', '19.633333', '2020-04-25 10:21:40', '2020-04-25 10:21:40', NULL),
(216, 'Alwernia', 4, 3, '50.066667', '19.516667', '2020-04-25 10:21:40', '2020-04-25 10:21:40', NULL),
(217, 'Krynica-Zdrój', 4, 3, '49.411667', '20.955000', '2020-04-25 10:21:40', '2020-04-25 10:21:40', NULL),
(218, 'Ryglice', 4, 3, '49.883333', '21.133333', '2020-04-25 10:21:40', '2020-04-25 10:21:40', NULL),
(219, 'Kalwaria Zebrzydowska', 4, 3, '49.866667', '19.683333', '2020-04-25 10:21:40', '2020-04-25 10:21:40', NULL),
(220, 'Trzebinia', 4, 3, '50.166667', '19.483333', '2020-04-25 10:21:40', '2020-04-25 10:21:40', NULL),
(221, 'Biecz', 4, 3, '49.731944', '21.262500', '2020-04-25 10:21:40', '2020-04-25 10:21:40', NULL),
(222, 'Bochnia', 4, 3, '49.983333', '20.433333', '2020-04-25 10:21:40', '2020-04-25 10:21:40', NULL),
(223, 'Zator', 4, 3, '49.996389', '19.438056', '2020-04-25 10:21:40', '2020-04-25 10:21:40', NULL),
(224, 'Nowy Targ', 4, 3, '49.466667', '20.016667', '2020-04-25 10:21:40', '2020-04-25 10:21:40', NULL),
(225, 'Olkusz', 4, 3, '50.283333', '19.566667', '2020-04-25 10:21:40', '2020-04-25 10:21:40', NULL),
(226, 'Myślenice', 4, 3, '49.834722', '19.938889', '2020-04-25 10:21:40', '2020-04-25 10:21:40', NULL),
(227, 'Wadowice', 4, 3, '49.883333', '19.500000', '2020-04-25 10:21:40', '2020-04-25 10:21:40', NULL),
(228, 'Szczawnica', 4, 3, '49.425000', '20.483333', '2020-04-25 10:21:40', '2020-04-25 10:21:40', NULL),
(229, 'Wieliczka', 4, 3, '49.989444', '20.066111', '2020-04-25 10:21:40', '2020-04-25 10:21:40', NULL),
(230, 'Chrzanów', 4, 3, '50.133333', '19.400000', '2020-04-25 10:21:40', '2020-04-25 10:21:40', NULL),
(231, 'Tarnów', 4, 3, '50.012500', '20.988611', '2020-04-25 10:21:40', '2020-04-25 10:21:40', NULL),
(232, 'Oświęcim', 4, 3, '50.050000', '19.233333', '2020-04-25 10:21:40', '2020-04-25 10:21:40', NULL),
(233, 'Wojnicz', 4, 3, '49.966667', '20.833333', '2020-04-25 10:21:40', '2020-04-25 10:21:40', NULL),
(234, 'Gorlice', 4, 3, '49.650000', '21.166667', '2020-04-25 10:21:40', '2020-04-25 10:21:40', NULL),
(235, 'Sucha Beskidzka', 4, 3, '49.740278', '19.588611', '2020-04-25 10:21:40', '2020-04-25 10:21:40', NULL),
(236, 'Nowy Sącz', 4, 3, '49.623889', '20.697222', '2020-04-25 10:21:40', '2020-04-25 10:21:40', NULL),
(237, 'Zakopane', 4, 3, '49.300000', '19.950000', '2020-04-25 10:21:40', '2020-04-25 10:21:40', NULL),
(238, 'Zakliczyn', 4, 3, '49.850000', '20.816667', '2020-04-25 10:21:40', '2020-04-25 10:21:40', NULL),
(239, 'Kraków', 4, 3, '50.061389', '19.937222', '2020-04-25 10:21:40', '2020-04-25 10:21:40', NULL),
(240, 'Sieradz', 5, 3, '51.600000', '18.750000', '2020-04-25 10:22:25', '2020-04-25 10:22:25', NULL),
(241, 'Ozorków', 5, 3, '51.966667', '19.283333', '2020-04-25 10:22:25', '2020-04-25 10:22:25', NULL),
(242, 'Stryków', 5, 3, '51.901111', '19.610833', '2020-04-25 10:22:25', '2020-04-25 10:22:25', NULL),
(243, 'Piotrków Trybunalski', 5, 3, '51.400000', '19.683333', '2020-04-25 10:22:25', '2020-04-25 10:22:25', NULL),
(244, 'Drzewica', 5, 3, '51.446944', '20.471944', '2020-04-25 10:22:25', '2020-04-25 10:22:25', NULL),
(245, 'Łask', 5, 3, '51.590278', '19.133333', '2020-04-25 10:22:25', '2020-04-25 10:22:25', NULL),
(246, 'Uniejów', 5, 3, '51.970000', '18.800278', '2020-04-25 10:22:25', '2020-04-25 10:22:25', NULL),
(247, 'Wolbórz', 5, 3, '51.500833', '19.832222', '2020-04-25 10:22:25', '2020-04-25 10:22:25', NULL),
(248, 'Pajęczno', 5, 3, '51.150000', '19.000000', '2020-04-25 10:22:26', '2020-04-25 10:22:26', NULL),
(249, 'Sulejów', 5, 3, '51.352778', '19.884722', '2020-04-25 10:22:26', '2020-04-25 10:22:26', NULL),
(250, 'Koluszki', 5, 3, '51.750000', '19.800000', '2020-04-25 10:22:26', '2020-04-25 10:22:26', NULL),
(251, 'Zelów', 5, 3, '51.466667', '19.216667', '2020-04-25 10:22:26', '2020-04-25 10:22:26', NULL),
(252, 'Przedbórz', 5, 3, '51.083333', '19.883333', '2020-04-25 10:22:26', '2020-04-25 10:22:26', NULL),
(253, 'Kamieńsk', 5, 3, '51.200000', '19.500000', '2020-04-25 10:22:26', '2020-04-25 10:22:26', NULL),
(254, 'Brzeziny', 5, 3, '51.800000', '19.750000', '2020-04-25 10:22:26', '2020-04-25 10:22:26', NULL),
(255, 'Żychlin', 5, 3, '52.245278', '19.623611', '2020-04-25 10:22:26', '2020-04-25 10:22:26', NULL),
(256, 'Działoszyn', 5, 3, '51.117778', '18.870000', '2020-04-25 10:22:26', '2020-04-25 10:22:26', NULL),
(257, 'Wieluń', 5, 3, '51.220556', '18.570000', '2020-04-25 10:22:26', '2020-04-25 10:22:26', NULL),
(258, 'Warta, Poland', 5, 3, '51.700000', '18.633333', '2020-04-25 10:22:26', '2020-04-25 10:22:26', NULL),
(259, 'Poddębice', 5, 3, '51.900000', '18.966667', '2020-04-25 10:22:26', '2020-04-25 10:22:26', NULL),
(260, 'Biała Rawska', 5, 3, '51.800000', '20.483333', '2020-04-25 10:22:26', '2020-04-25 10:22:26', NULL),
(261, 'Błaszki', 5, 3, '51.650000', '18.433333', '2020-04-25 10:22:26', '2020-04-25 10:22:26', NULL),
(262, 'Konstantynów Łódzki', 5, 3, '51.750000', '19.333333', '2020-04-25 10:22:26', '2020-04-25 10:22:26', NULL),
(263, 'Tuszyn', 5, 3, '51.609167', '19.530000', '2020-04-25 10:22:26', '2020-04-25 10:22:26', NULL),
(264, 'Krośniewice', 5, 3, '52.253611', '19.170000', '2020-04-25 10:22:26', '2020-04-25 10:22:26', NULL),
(265, 'Radomsko', 5, 3, '51.066667', '19.450000', '2020-04-25 10:22:27', '2020-04-25 10:22:27', NULL),
(266, 'Opoczno', 5, 3, '51.377222', '20.286944', '2020-04-25 10:22:27', '2020-04-25 10:22:27', NULL),
(267, 'Łowicz', 5, 3, '52.100000', '19.933333', '2020-04-25 10:22:27', '2020-04-25 10:22:27', NULL),
(268, 'Aleksandrów Łódzki', 5, 3, '51.816667', '19.300000', '2020-04-25 10:22:27', '2020-04-25 10:22:27', NULL),
(269, 'Skierniewice', 5, 3, '51.952778', '20.141667', '2020-04-25 10:22:27', '2020-04-25 10:22:27', NULL),
(270, 'Zgierz', 5, 3, '51.850000', '19.416667', '2020-04-25 10:22:27', '2020-04-25 10:22:27', NULL),
(271, 'Zduńska Wola', 5, 3, '51.600000', '18.966667', '2020-04-25 10:22:27', '2020-04-25 10:22:27', NULL),
(272, 'Szadek', 5, 3, '51.700000', '18.983333', '2020-04-25 10:22:27', '2020-04-25 10:22:27', NULL),
(273, 'Łęczyca', 5, 3, '52.050000', '19.200000', '2020-04-25 10:22:27', '2020-04-25 10:22:27', NULL),
(274, 'Łódź', 5, 3, '51.776944', '19.454722', '2020-04-25 10:22:27', '2020-04-25 10:22:27', NULL),
(275, 'Bełchatów', 5, 3, '51.366667', '19.366667', '2020-04-25 10:22:27', '2020-04-25 10:22:27', NULL),
(276, 'Rzgów', 5, 3, '51.662222', '19.459722', '2020-04-25 10:22:27', '2020-04-25 10:22:27', NULL),
(277, 'Wieruszów', 5, 3, '51.300000', '18.150000', '2020-04-25 10:22:27', '2020-04-25 10:22:27', NULL),
(278, 'Rawa Mazowiecka', 5, 3, '51.765833', '20.253333', '2020-04-25 10:22:27', '2020-04-25 10:22:27', NULL),
(279, 'Głowno', 5, 3, '51.964167', '19.711667', '2020-04-25 10:22:27', '2020-04-25 10:22:27', NULL),
(280, 'Złoczew', 5, 3, '51.414722', '18.607222', '2020-04-25 10:22:27', '2020-04-25 10:22:27', NULL),
(281, 'Pabianice', 5, 3, '51.650000', '19.383333', '2020-04-25 10:22:28', '2020-04-25 10:22:28', NULL),
(282, 'Tomaszów Mazowiecki', 5, 3, '51.516667', '20.016667', '2020-04-25 10:22:28', '2020-04-25 10:22:28', NULL),
(283, 'Kutno', 5, 3, '52.233333', '19.366667', '2020-04-25 10:22:28', '2020-04-25 10:22:28', NULL),
(284, 'Szczytna', 6, 3, '50.416667', '16.433333', '2020-04-25 10:23:04', '2020-04-25 10:23:04', NULL),
(285, 'Międzylesie', 6, 3, '50.149444', '16.666389', '2020-04-25 10:23:04', '2020-04-25 10:23:04', NULL),
(286, 'Żarów', 6, 3, '50.933333', '16.483333', '2020-04-25 10:23:04', '2020-04-25 10:23:04', NULL),
(287, 'Lubomierz', 6, 3, '51.016667', '15.516667', '2020-04-25 10:23:04', '2020-04-25 10:23:04', NULL),
(288, 'Lubawka', 6, 3, '50.703333', '16.001944', '2020-04-25 10:23:04', '2020-04-25 10:23:04', NULL),
(289, 'Ziębice', 6, 3, '50.600000', '17.033333', '2020-04-25 10:23:04', '2020-04-25 10:23:04', NULL),
(290, 'Prochowice', 6, 3, '51.274167', '16.365000', '2020-04-25 10:23:05', '2020-04-25 10:23:05', NULL),
(291, 'Międzybórz', 6, 3, '51.399167', '17.665556', '2020-04-25 10:23:05', '2020-04-25 10:23:05', NULL),
(292, 'Nowogrodziec', 6, 3, '51.201111', '15.385556', '2020-04-25 10:23:05', '2020-04-25 10:23:05', NULL),
(293, 'Jaworzyna Śląska', 6, 3, '50.916667', '16.433333', '2020-04-25 10:23:05', '2020-04-25 10:23:05', NULL),
(294, 'Radków', 6, 3, '50.503889', '16.403333', '2020-04-25 10:23:05', '2020-04-25 10:23:05', NULL),
(295, 'Bielawa', 6, 3, '50.700000', '16.616667', '2020-04-25 10:23:05', '2020-04-25 10:23:05', NULL),
(296, 'Lubań', 6, 3, '51.118056', '15.288889', '2020-04-25 10:23:05', '2020-04-25 10:23:05', NULL),
(297, 'Przemków', 6, 3, '51.516667', '15.800000', '2020-04-25 10:23:05', '2020-04-25 10:23:05', NULL),
(298, 'Polanica-Zdrój', 6, 3, '50.400000', '16.516667', '2020-04-25 10:23:05', '2020-04-25 10:23:05', NULL),
(299, 'Polkowice', 6, 3, '51.500000', '16.066667', '2020-04-25 10:23:05', '2020-04-25 10:23:05', NULL),
(300, 'Zawidów', 6, 3, '51.016667', '15.066667', '2020-04-25 10:23:05', '2020-04-25 10:23:05', NULL),
(301, 'Góra', 6, 3, '51.666667', '16.550000', '2020-04-25 10:23:05', '2020-04-25 10:23:05', NULL),
(302, 'Węgliniec', 6, 3, '51.288333', '15.225556', '2020-04-25 10:23:05', '2020-04-25 10:23:05', NULL),
(303, 'Piława Górna', 6, 3, '50.683333', '16.750000', '2020-04-25 10:23:05', '2020-04-25 10:23:05', NULL),
(304, 'Żmigród', 6, 3, '51.470278', '16.905000', '2020-04-25 10:23:05', '2020-04-25 10:23:05', NULL),
(305, 'Wąsosz', 6, 3, '51.550000', '16.700000', '2020-04-25 10:23:05', '2020-04-25 10:23:05', NULL),
(306, 'Kąty Wrocławskie', 6, 3, '51.033333', '16.766667', '2020-04-25 10:23:05', '2020-04-25 10:23:05', NULL),
(307, 'Świeradów-Zdrój', 6, 3, '50.900000', '15.333333', '2020-04-25 10:23:05', '2020-04-25 10:23:05', NULL),
(308, 'Ścinawa', 6, 3, '51.411111', '16.423056', '2020-04-25 10:23:05', '2020-04-25 10:23:05', NULL),
(309, 'Pieszyce', 6, 3, '50.716667', '16.583333', '2020-04-25 10:23:05', '2020-04-25 10:23:05', NULL),
(310, 'Piechowice', 6, 3, '50.855556', '15.618889', '2020-04-25 10:23:05', '2020-04-25 10:23:05', NULL),
(311, 'Twardogóra', 6, 3, '51.364722', '17.469722', '2020-04-25 10:23:05', '2020-04-25 10:23:05', NULL),
(312, 'Głuszyca', 6, 3, '50.683333', '16.366667', '2020-04-25 10:23:05', '2020-04-25 10:23:05', NULL),
(313, 'Leśna', 6, 3, '51.023611', '15.266667', '2020-04-25 10:23:05', '2020-04-25 10:23:05', NULL),
(314, 'Prusice', 6, 3, '51.371111', '16.961944', '2020-04-25 10:23:05', '2020-04-25 10:23:05', NULL),
(315, 'Wiązów', 6, 3, '50.815278', '17.203611', '2020-04-25 10:23:05', '2020-04-25 10:23:05', NULL),
(316, 'Lądek-Zdrój', 6, 3, '50.343611', '16.879722', '2020-04-25 10:23:05', '2020-04-25 10:23:05', NULL),
(317, 'Bierutów', 6, 3, '51.125000', '17.541667', '2020-04-25 10:23:06', '2020-04-25 10:23:06', NULL),
(318, 'Pieńsk', 6, 3, '51.246389', '15.046111', '2020-04-25 10:23:06', '2020-04-25 10:23:06', NULL),
(319, 'Oława', 6, 3, '50.933333', '17.300000', '2020-04-25 10:23:06', '2020-04-25 10:23:06', NULL),
(320, 'Sobótka', 6, 3, '50.898611', '16.744444', '2020-04-25 10:23:06', '2020-04-25 10:23:06', NULL),
(321, 'Wleń', 6, 3, '51.016667', '15.670556', '2020-04-25 10:23:06', '2020-04-25 10:23:06', NULL),
(322, 'Siechnice', 6, 3, '51.036667', '17.152500', '2020-04-25 10:23:06', '2020-04-25 10:23:06', NULL),
(323, 'Olszyna', 6, 3, '51.066667', '15.388889', '2020-04-25 10:23:06', '2020-04-25 10:23:06', NULL),
(324, 'Głogów', 6, 3, '51.658889', '16.080278', '2020-04-25 10:23:06', '2020-04-25 10:23:06', NULL),
(325, 'Świdnica', 6, 3, '50.850000', '16.483333', '2020-04-25 10:23:06', '2020-04-25 10:23:06', NULL),
(326, 'Mirsk', 6, 3, '50.969167', '15.382778', '2020-04-25 10:23:06', '2020-04-25 10:23:06', NULL),
(327, 'Gryfów Śląski', 6, 3, '51.027222', '15.419167', '2020-04-25 10:23:06', '2020-04-25 10:23:06', NULL),
(328, 'Jedlina-Zdrój', 6, 3, '50.721111', '16.338889', '2020-04-25 10:23:06', '2020-04-25 10:23:06', NULL),
(329, 'Boguszów-Gorce', 6, 3, '50.766667', '16.200000', '2020-04-25 10:23:06', '2020-04-25 10:23:06', NULL),
(330, 'Złoty Stok', 6, 3, '50.446389', '16.883056', '2020-04-25 10:23:06', '2020-04-25 10:23:06', NULL),
(331, 'Jelcz-Laskowice', 6, 3, '51.033333', '17.333333', '2020-04-25 10:23:06', '2020-04-25 10:23:06', NULL),
(332, 'Mieroszów', 6, 3, '50.666944', '16.189722', '2020-04-25 10:23:06', '2020-04-25 10:23:06', NULL),
(333, 'Ząbkowice Śląskie', 6, 3, '50.583333', '16.816667', '2020-04-25 10:23:06', '2020-04-25 10:23:06', NULL),
(334, 'Wojcieszów', 6, 3, '50.954722', '15.923056', '2020-04-25 10:23:06', '2020-04-25 10:23:06', NULL),
(335, 'Bardo, Poland', 6, 3, '50.516667', '16.733333', '2020-04-25 10:23:06', '2020-04-25 10:23:06', NULL),
(336, 'Niemcza', 6, 3, '50.716667', '16.833333', '2020-04-25 10:23:06', '2020-04-25 10:23:06', NULL),
(337, 'Świebodzice', 6, 3, '50.866667', '16.333333', '2020-04-25 10:23:06', '2020-04-25 10:23:06', NULL),
(338, 'Duszniki-Zdrój', 6, 3, '50.383333', '16.383333', '2020-04-25 10:23:06', '2020-04-25 10:23:06', NULL),
(339, 'Karpacz', 6, 3, '50.778333', '15.757222', '2020-04-25 10:23:06', '2020-04-25 10:23:06', NULL),
(340, 'Bolków', 6, 3, '50.933333', '16.100000', '2020-04-25 10:23:06', '2020-04-25 10:23:06', NULL),
(341, 'Lwówek Śląski', 6, 3, '51.116667', '15.583333', '2020-04-25 10:23:06', '2020-04-25 10:23:06', NULL),
(342, 'Bogatynia', 6, 3, '50.906944', '14.956944', '2020-04-25 10:23:06', '2020-04-25 10:23:06', NULL),
(343, 'Oleśnica', 6, 3, '51.200000', '17.383333', '2020-04-25 10:23:06', '2020-04-25 10:23:06', NULL),
(344, 'Brzeg Dolny', 6, 3, '51.270833', '16.720833', '2020-04-25 10:23:06', '2020-04-25 10:23:06', NULL),
(345, 'Kowary', 6, 3, '50.791667', '15.833333', '2020-04-25 10:23:06', '2020-04-25 10:23:06', NULL),
(346, 'Kamienna Góra', 6, 3, '50.783333', '16.033333', '2020-04-25 10:23:06', '2020-04-25 10:23:06', NULL),
(347, 'Chojnów', 6, 3, '51.266667', '15.933333', '2020-04-25 10:23:06', '2020-04-25 10:23:06', NULL),
(348, 'Jawor', 6, 3, '51.050000', '16.200000', '2020-04-25 10:23:06', '2020-04-25 10:23:06', NULL),
(349, 'Zgorzelec', 6, 3, '51.150000', '15.008333', '2020-04-25 10:23:07', '2020-04-25 10:23:07', NULL),
(350, 'Strzelin', 6, 3, '50.783333', '17.066667', '2020-04-25 10:23:07', '2020-04-25 10:23:07', NULL),
(351, 'Chocianów', 6, 3, '51.416667', '15.916667', '2020-04-25 10:23:07', '2020-04-25 10:23:07', NULL),
(352, 'Syców', 6, 3, '51.310000', '17.723611', '2020-04-25 10:23:07', '2020-04-25 10:23:07', NULL),
(353, 'Wrocław', 6, 3, '51.100000', '17.033333', '2020-04-25 10:23:07', '2020-04-25 10:23:07', NULL),
(354, 'Szczawno-Zdrój', 6, 3, '50.799444', '16.255000', '2020-04-25 10:23:07', '2020-04-25 10:23:07', NULL),
(355, 'Złotoryja', 6, 3, '51.133333', '15.916667', '2020-04-25 10:23:07', '2020-04-25 10:23:07', NULL),
(356, 'Oborniki Śląskie', 6, 3, '51.298611', '16.901667', '2020-04-25 10:23:07', '2020-04-25 10:23:07', NULL),
(357, 'Lubin', 6, 3, '51.400000', '16.200000', '2020-04-25 10:23:07', '2020-04-25 10:23:07', NULL),
(358, 'Wołów', 6, 3, '51.341389', '16.628333', '2020-04-25 10:23:07', '2020-04-25 10:23:07', NULL),
(359, 'Strzegom', 6, 3, '50.961111', '16.344444', '2020-04-25 10:23:07', '2020-04-25 10:23:07', NULL),
(360, 'Szklarska Poręba', 6, 3, '50.833333', '15.533333', '2020-04-25 10:23:07', '2020-04-25 10:23:07', NULL),
(361, 'Nowa Ruda', 6, 3, '50.583333', '16.500000', '2020-04-25 10:23:07', '2020-04-25 10:23:07', NULL),
(362, 'Kudowa-Zdrój', 6, 3, '50.438333', '16.239444', '2020-04-25 10:23:07', '2020-04-25 10:23:07', NULL),
(363, 'Trzebnica', 6, 3, '51.305000', '17.061389', '2020-04-25 10:23:07', '2020-04-25 10:23:07', NULL),
(364, 'Bystrzyca Kłodzka', 6, 3, '50.300000', '16.650000', '2020-04-25 10:23:07', '2020-04-25 10:23:07', NULL),
(365, 'Milicz', 6, 3, '51.533333', '17.283333', '2020-04-25 10:23:07', '2020-04-25 10:23:07', NULL),
(366, 'Środa Śląska', 6, 3, '51.150000', '16.583333', '2020-04-25 10:23:07', '2020-04-25 10:23:07', NULL),
(367, 'Dzierżoniów', 6, 3, '50.728056', '16.651111', '2020-04-25 10:23:07', '2020-04-25 10:23:07', NULL),
(368, 'Jelenia Góra', 6, 3, '50.903333', '15.734444', '2020-04-25 10:23:07', '2020-04-25 10:23:07', NULL),
(369, 'Wałbrzych', 6, 3, '50.766667', '16.283333', '2020-04-25 10:23:07', '2020-04-25 10:23:07', NULL),
(370, 'Świerzawa', 6, 3, '51.016667', '15.900000', '2020-04-25 10:23:07', '2020-04-25 10:23:07', NULL),
(371, 'Legnica', 6, 3, '51.208333', '16.160278', '2020-04-25 10:23:07', '2020-04-25 10:23:07', NULL),
(372, 'Stronie Śląskie', 6, 3, '50.295556', '16.877500', '2020-04-25 10:23:07', '2020-04-25 10:23:07', NULL),
(373, 'Kłodzko', 6, 3, '50.433333', '16.650000', '2020-04-25 10:23:07', '2020-04-25 10:23:07', NULL),
(374, 'Bolesławiec', 6, 3, '51.266667', '15.566667', '2020-04-25 10:23:07', '2020-04-25 10:23:07', NULL),
(375, 'Łuków', 7, 3, '51.927222', '22.383333', '2020-04-25 10:27:10', '2020-04-25 10:27:10', NULL),
(376, 'Łaszczów', 7, 3, '50.533333', '23.733333', '2020-04-25 10:27:10', '2020-04-25 10:27:10', NULL),
(377, 'Parczew', 7, 3, '51.633333', '22.900000', '2020-04-25 10:27:10', '2020-04-25 10:27:10', NULL),
(378, 'Tyszowce', 7, 3, '50.618333', '23.709722', '2020-04-25 10:27:10', '2020-04-25 10:27:10', NULL),
(379, 'Ryki', 7, 3, '51.633333', '21.933333', '2020-04-25 10:27:10', '2020-04-25 10:27:10', NULL),
(380, 'Rejowiec Fabryczny', 7, 3, '51.119444', '23.245000', '2020-04-25 10:27:10', '2020-04-25 10:27:10', NULL),
(381, 'Bychawa', 7, 3, '51.016667', '22.533333', '2020-04-25 10:27:10', '2020-04-25 10:27:10', NULL),
(382, 'Dęblin', 7, 3, '51.566667', '21.861389', '2020-04-25 10:27:10', '2020-04-25 10:27:10', NULL),
(383, 'Frampol', 7, 3, '50.683333', '22.666667', '2020-04-25 10:27:10', '2020-04-25 10:27:10', NULL),
(384, 'Kock', 7, 3, '51.650000', '22.450000', '2020-04-25 10:27:10', '2020-04-25 10:27:10', NULL),
(385, 'Piaski', 7, 3, '51.134167', '22.844722', '2020-04-25 10:27:10', '2020-04-25 10:27:10', NULL),
(386, 'Łęczna', 7, 3, '51.300000', '22.883333', '2020-04-25 10:27:10', '2020-04-25 10:27:10', NULL),
(387, 'Nałęczów', 7, 3, '51.283333', '22.216667', '2020-04-25 10:27:10', '2020-04-25 10:27:10', NULL),
(388, 'Terespol', 7, 3, '52.083333', '23.566667', '2020-04-25 10:27:10', '2020-04-25 10:27:10', NULL),
(389, 'Międzyrzec Podlaski', 7, 3, '51.983333', '22.783333', '2020-04-25 10:27:10', '2020-04-25 10:27:10', NULL),
(390, 'Świdnik', 7, 3, '51.216667', '22.700000', '2020-04-25 10:27:11', '2020-04-25 10:27:11', NULL),
(391, 'Biała Podlaska', 7, 3, '52.033333', '23.116667', '2020-04-25 10:27:11', '2020-04-25 10:27:11', NULL),
(392, 'Zwierzyniec', 7, 3, '50.616667', '22.966667', '2020-04-25 10:27:11', '2020-04-25 10:27:11', NULL),
(393, 'Tarnogród', 7, 3, '50.366667', '22.733333', '2020-04-25 10:27:11', '2020-04-25 10:27:11', NULL),
(394, 'Janów Lubelski', 7, 3, '50.716667', '22.416667', '2020-04-25 10:27:11', '2020-04-25 10:27:11', NULL),
(395, 'Opole Lubelskie', 7, 3, '51.150000', '21.966667', '2020-04-25 10:27:11', '2020-04-25 10:27:11', NULL),
(396, 'Krasnystaw', 7, 3, '51.000000', '23.166667', '2020-04-25 10:27:11', '2020-04-25 10:27:11', NULL),
(397, 'Krasnobród', 7, 3, '50.544722', '23.218056', '2020-04-25 10:27:11', '2020-04-25 10:27:11', NULL),
(398, 'Stoczek Łukowski', 7, 3, '51.966667', '21.966667', '2020-04-25 10:27:11', '2020-04-25 10:27:11', NULL),
(399, 'Poniatowa', 7, 3, '51.183333', '22.066667', '2020-04-25 10:27:11', '2020-04-25 10:27:11', NULL),
(400, 'Ostrów Lubelski', 7, 3, '51.491111', '22.855000', '2020-04-25 10:27:11', '2020-04-25 10:27:11', NULL),
(401, 'Annopol', 7, 3, '50.883333', '21.866667', '2020-04-25 10:27:11', '2020-04-25 10:27:11', NULL),
(402, 'Lublin', 7, 3, '51.248056', '22.570278', '2020-04-25 10:27:11', '2020-04-25 10:27:11', NULL),
(403, 'Hrubieszów', 7, 3, '50.816667', '23.883333', '2020-04-25 10:27:11', '2020-04-25 10:27:11', NULL),
(404, 'Józefów, Biłgoraj County', 7, 3, '50.483333', '23.050000', '2020-04-25 10:27:11', '2020-04-25 10:27:11', NULL),
(405, 'Kazimierz Dolny', 7, 3, '51.322222', '21.947500', '2020-04-25 10:27:11', '2020-04-25 10:27:11', NULL),
(406, 'Włodawa', 7, 3, '51.550000', '23.550000', '2020-04-25 10:27:11', '2020-04-25 10:27:11', NULL),
(407, 'Kraśnik', 7, 3, '50.933333', '22.216667', '2020-04-25 10:27:11', '2020-04-25 10:27:11', NULL),
(408, 'Lubartów', 7, 3, '51.466667', '22.600000', '2020-04-25 10:27:11', '2020-04-25 10:27:11', NULL),
(409, 'Tomaszów Lubelski', 7, 3, '50.450000', '23.416667', '2020-04-25 10:27:11', '2020-04-25 10:27:11', NULL),
(410, 'Puławy', 7, 3, '51.416667', '21.966667', '2020-04-25 10:27:11', '2020-04-25 10:27:11', NULL),
(411, 'Bełżyce', 7, 3, '51.183333', '22.266667', '2020-04-25 10:27:11', '2020-04-25 10:27:11', NULL),
(412, 'Chełm', 7, 3, '51.132222', '23.477778', '2020-04-25 10:27:11', '2020-04-25 10:27:11', NULL),
(413, 'Zamość', 7, 3, '50.716667', '23.252778', '2020-04-25 10:27:11', '2020-04-25 10:27:11', NULL),
(414, 'Szczebrzeszyn', 7, 3, '50.700000', '22.983333', '2020-04-25 10:27:11', '2020-04-25 10:27:11', NULL),
(415, 'Radzyń Podlaski', 7, 3, '51.766667', '22.616667', '2020-04-25 10:27:11', '2020-04-25 10:27:11', NULL),
(416, 'Biłgoraj', 7, 3, '50.550000', '22.733333', '2020-04-25 10:27:11', '2020-04-25 10:27:11', NULL),
(417, 'Międzyrzecz', 8, 3, '52.448333', '15.588333', '2020-04-25 10:27:42', '2020-04-25 10:27:42', NULL),
(418, 'Kostrzyn nad Odrą', 8, 3, '52.588333', '14.666667', '2020-04-25 10:27:42', '2020-04-25 10:27:42', NULL),
(419, 'Witnica', 8, 3, '52.677778', '14.891389', '2020-04-25 10:27:42', '2020-04-25 10:27:42', NULL),
(420, 'Wschowa', 8, 3, '51.800000', '16.300000', '2020-04-25 10:27:42', '2020-04-25 10:27:42', NULL),
(421, 'Skwierzyna', 8, 3, '52.600000', '15.500000', '2020-04-25 10:27:42', '2020-04-25 10:27:42', NULL),
(422, 'Strzelce Krajeńskie', 8, 3, '52.875556', '15.531944', '2020-04-25 10:27:42', '2020-04-25 10:27:42', NULL),
(423, 'Zbąszynek', 8, 3, '52.250000', '15.816667', '2020-04-25 10:27:42', '2020-04-25 10:27:42', NULL),
(424, 'Czerwieńsk', 8, 3, '52.015556', '15.405000', '2020-04-25 10:27:42', '2020-04-25 10:27:42', NULL),
(425, 'Iłowa', 8, 3, '51.501944', '15.205833', '2020-04-25 10:27:42', '2020-04-25 10:27:42', NULL),
(426, 'Krosno Odrzańskie', 8, 3, '52.033333', '15.100000', '2020-04-25 10:27:43', '2020-04-25 10:27:43', NULL),
(427, 'Sława', 8, 3, '51.883333', '16.083333', '2020-04-25 10:27:43', '2020-04-25 10:27:43', NULL),
(428, 'Trzciel', 8, 3, '52.366667', '15.883333', '2020-04-25 10:27:43', '2020-04-25 10:27:43', NULL),
(429, 'Kożuchów', 8, 3, '51.750000', '15.600000', '2020-04-25 10:27:43', '2020-04-25 10:27:43', NULL),
(430, 'Torzym', 8, 3, '52.312778', '15.077778', '2020-04-25 10:27:43', '2020-04-25 10:27:43', NULL),
(431, 'Małomice', 8, 3, '51.557222', '15.449444', '2020-04-25 10:27:43', '2020-04-25 10:27:43', NULL),
(432, 'Cybinka', 8, 3, '52.200000', '14.800000', '2020-04-25 10:27:43', '2020-04-25 10:27:43', NULL),
(433, 'Ośno Lubuskie', 8, 3, '52.452222', '14.877500', '2020-04-25 10:27:43', '2020-04-25 10:27:43', NULL),
(434, 'Lubniewice', 8, 3, '52.516389', '15.249722', '2020-04-25 10:27:43', '2020-04-25 10:27:43', NULL),
(435, 'Nowogród Bobrzański', 8, 3, '51.800000', '15.233333', '2020-04-25 10:27:43', '2020-04-25 10:27:43', NULL),
(436, 'Nowe Miasteczko', 8, 3, '51.683333', '15.733333', '2020-04-25 10:27:43', '2020-04-25 10:27:43', NULL),
(437, 'Szlichtyngowa', 8, 3, '51.716667', '16.250000', '2020-04-25 10:27:43', '2020-04-25 10:27:43', NULL),
(438, 'Świebodzin', 8, 3, '52.250000', '15.533333', '2020-04-25 10:27:43', '2020-04-25 10:27:43', NULL),
(439, 'Otyń', 8, 3, '51.847222', '15.709722', '2020-04-25 10:27:43', '2020-04-25 10:27:43', NULL),
(440, 'Nowa Sól', 8, 3, '51.800000', '15.716667', '2020-04-25 10:27:43', '2020-04-25 10:27:43', NULL),
(441, 'Żagań', 8, 3, '51.616667', '15.316667', '2020-04-25 10:27:43', '2020-04-25 10:27:43', NULL),
(442, 'Babimost', 8, 3, '52.150000', '15.816667', '2020-04-25 10:27:43', '2020-04-25 10:27:43', NULL),
(443, 'Kargowa', 8, 3, '52.066667', '15.866667', '2020-04-25 10:27:43', '2020-04-25 10:27:43', NULL),
(444, 'Jasień, Lubusz Voivodeship', 8, 3, '51.751389', '15.017500', '2020-04-25 10:27:43', '2020-04-25 10:27:43', NULL),
(445, 'Słubice', 8, 3, '52.350000', '14.566667', '2020-04-25 10:27:43', '2020-04-25 10:27:43', NULL),
(446, 'Gubin, Poland', 8, 3, '51.950000', '14.716667', '2020-04-25 10:27:43', '2020-04-25 10:27:43', NULL),
(447, 'Gorzów Wielkopolski', 8, 3, '52.733333', '15.250000', '2020-04-25 10:27:43', '2020-04-25 10:27:43', NULL),
(448, 'Lubsko', 8, 3, '51.783333', '14.966667', '2020-04-25 10:27:43', '2020-04-25 10:27:43', NULL),
(449, 'Szprotawa', 8, 3, '51.566667', '15.500000', '2020-04-25 10:27:43', '2020-04-25 10:27:43', NULL),
(450, 'Sulęcin', 8, 3, '52.450000', '15.116667', '2020-04-25 10:27:43', '2020-04-25 10:27:43', NULL),
(451, 'Drezdenko', 8, 3, '52.833333', '15.833333', '2020-04-25 10:27:43', '2020-04-25 10:27:43', NULL),
(452, 'Bytom Odrzański', 8, 3, '51.733333', '15.816667', '2020-04-25 10:27:43', '2020-04-25 10:27:43', NULL),
(453, 'Rzepin', 8, 3, '52.350000', '14.833333', '2020-04-25 10:27:43', '2020-04-25 10:27:43', NULL),
(454, 'Dobiegniew', 8, 3, '52.966667', '15.750000', '2020-04-25 10:27:43', '2020-04-25 10:27:43', NULL),
(455, 'Sulechów', 8, 3, '52.083333', '15.616667', '2020-04-25 10:27:43', '2020-04-25 10:27:43', NULL),
(456, 'Żary', 8, 3, '51.633333', '15.133333', '2020-04-25 10:27:43', '2020-04-25 10:27:43', NULL),
(457, 'Łęknica', 8, 3, '51.538333', '14.739167', '2020-04-25 10:27:44', '2020-04-25 10:27:44', NULL),
(458, 'Zielona Góra', 8, 3, '51.933333', '15.500000', '2020-04-25 10:27:44', '2020-04-25 10:27:44', NULL),
(459, 'Gozdnica', 8, 3, '51.438889', '15.095556', '2020-04-25 10:27:44', '2020-04-25 10:27:44', NULL),
(460, 'Łaskarzew', 9, 3, '51.790000', '21.592500', '2020-04-25 10:28:27', '2020-04-25 10:28:27', NULL),
(461, 'Halinów', 9, 3, '52.233333', '21.350000', '2020-04-25 10:28:27', '2020-04-25 10:28:27', NULL),
(462, 'Łomianki', 9, 3, '52.333333', '20.883333', '2020-04-25 10:28:27', '2020-04-25 10:28:27', NULL),
(463, 'Łochów', 9, 3, '52.531667', '21.710556', '2020-04-25 10:28:27', '2020-04-25 10:28:27', NULL),
(464, 'Zakroczym', 9, 3, '52.437778', '20.611944', '2020-04-25 10:28:27', '2020-04-25 10:28:27', NULL),
(465, 'Brok, Masovian Voivodeship', 9, 3, '52.700000', '21.850000', '2020-04-25 10:28:27', '2020-04-25 10:28:27', NULL),
(466, 'Wołomin', 9, 3, '52.350000', '21.233333', '2020-04-25 10:28:27', '2020-04-25 10:28:27', NULL),
(467, 'Mińsk Mazowiecki', 9, 3, '52.183333', '21.566667', '2020-04-25 10:28:27', '2020-04-25 10:28:27', NULL),
(468, 'Wyszogród', 9, 3, '52.383333', '20.200000', '2020-04-25 10:28:27', '2020-04-25 10:28:27', NULL),
(469, 'Myszyniec', 9, 3, '53.382222', '21.351389', '2020-04-25 10:28:27', '2020-04-25 10:28:27', NULL),
(470, 'Iłża', 9, 3, '51.166667', '21.250000', '2020-04-25 10:28:27', '2020-04-25 10:28:27', NULL),
(471, 'Góra Kalwaria', 9, 3, '51.973333', '21.214444', '2020-04-25 10:28:27', '2020-04-25 10:28:27', NULL),
(472, 'Błonie', 9, 3, '52.200000', '20.616667', '2020-04-25 10:28:28', '2020-04-25 10:28:28', NULL),
(473, 'Nowy Dwór Mazowiecki', 9, 3, '52.433333', '20.683333', '2020-04-25 10:28:28', '2020-04-25 10:28:28', NULL),
(474, 'Sokołów Podlaski', 9, 3, '52.406667', '22.246389', '2020-04-25 10:28:28', '2020-04-25 10:28:28', NULL),
(475, 'Garwolin', 9, 3, '51.900000', '21.616667', '2020-04-25 10:28:28', '2020-04-25 10:28:28', NULL),
(476, 'Szydłowiec', 9, 3, '51.233333', '20.850000', '2020-04-25 10:28:28', '2020-04-25 10:28:28', NULL),
(477, 'Wyśmierzyce', 9, 3, '51.623611', '20.820000', '2020-04-25 10:28:28', '2020-04-25 10:28:28', NULL),
(478, 'Piastów', 9, 3, '52.183333', '20.850000', '2020-04-25 10:28:28', '2020-04-25 10:28:28', NULL),
(479, 'Warka', 9, 3, '51.783333', '21.200000', '2020-04-25 10:28:28', '2020-04-25 10:28:28', NULL),
(480, 'Chorzele', 9, 3, '53.250000', '20.900000', '2020-04-25 10:28:28', '2020-04-25 10:28:28', NULL),
(481, 'Mordy', 9, 3, '52.208056', '22.511944', '2020-04-25 10:28:28', '2020-04-25 10:28:28', NULL),
(482, 'Płońsk', 9, 3, '52.633333', '20.383333', '2020-04-25 10:28:28', '2020-04-25 10:28:28', NULL),
(483, 'Łosice', 9, 3, '52.216667', '22.716667', '2020-04-25 10:28:28', '2020-04-25 10:28:28', NULL),
(484, 'Karczew', 9, 3, '52.083333', '21.250000', '2020-04-25 10:28:28', '2020-04-25 10:28:28', NULL),
(485, 'Tarczyn', 9, 3, '51.978611', '20.833611', '2020-04-25 10:28:28', '2020-04-25 10:28:28', NULL),
(486, 'Legionowo', 9, 3, '52.400000', '20.916667', '2020-04-25 10:28:28', '2020-04-25 10:28:28', NULL),
(487, 'Maków Mazowiecki', 9, 3, '52.866667', '21.100000', '2020-04-25 10:28:28', '2020-04-25 10:28:28', NULL),
(488, 'Węgrów', 9, 3, '52.400000', '22.016667', '2020-04-25 10:28:28', '2020-04-25 10:28:28', NULL),
(489, 'Mszczonów', 9, 3, '51.974167', '20.526667', '2020-04-25 10:28:28', '2020-04-25 10:28:28', NULL),
(490, 'Glinojeck', 9, 3, '52.816667', '20.283333', '2020-04-25 10:28:28', '2020-04-25 10:28:28', NULL),
(491, 'Podkowa Leśna', 9, 3, '52.116667', '20.733333', '2020-04-25 10:28:28', '2020-04-25 10:28:28', NULL),
(492, 'Pionki', 9, 3, '51.483333', '21.450000', '2020-04-25 10:28:28', '2020-04-25 10:28:28', NULL),
(493, 'Marki', 9, 3, '52.333333', '21.100000', '2020-04-25 10:28:28', '2020-04-25 10:28:28', NULL),
(494, 'Żyrardów', 9, 3, '52.050000', '20.433333', '2020-04-25 10:28:28', '2020-04-25 10:28:28', NULL);
INSERT INTO `location` (`id`, `name`, `parent_id`, `level`, `latitude`, `longitude`, `created_at`, `updated_at`, `deleted_at`) VALUES
(495, 'Ząbki', 9, 3, '52.292778', '21.116111', '2020-04-25 10:28:28', '2020-04-25 10:28:28', NULL),
(496, 'Konstancin-Jeziorna', 9, 3, '52.083333', '21.116667', '2020-04-25 10:28:28', '2020-04-25 10:28:28', NULL),
(497, 'Radzymin', 9, 3, '52.416667', '21.183333', '2020-04-25 10:28:28', '2020-04-25 10:28:28', NULL),
(498, 'Ożarów Mazowiecki', 9, 3, '52.216667', '20.800000', '2020-04-25 10:28:28', '2020-04-25 10:28:28', NULL),
(499, 'Białobrzegi', 9, 3, '51.650000', '20.950000', '2020-04-25 10:28:28', '2020-04-25 10:28:28', NULL),
(500, 'Pułtusk', 9, 3, '52.700000', '21.083333', '2020-04-25 10:28:28', '2020-04-25 10:28:28', NULL),
(501, 'Drobin', 9, 3, '52.740833', '19.989167', '2020-04-25 10:28:28', '2020-04-25 10:28:28', NULL),
(502, 'Lipsko', 9, 3, '51.156667', '21.657500', '2020-04-25 10:28:28', '2020-04-25 10:28:28', NULL),
(503, 'Tłuszcz', 9, 3, '52.433333', '21.450000', '2020-04-25 10:28:29', '2020-04-25 10:28:29', NULL),
(504, 'Wyszków', 9, 3, '52.593333', '21.460000', '2020-04-25 10:28:29', '2020-04-25 10:28:29', NULL),
(505, 'Skaryszew', 9, 3, '51.308889', '21.248611', '2020-04-25 10:28:29', '2020-04-25 10:28:29', NULL),
(506, 'Józefów', 9, 3, '52.135556', '21.236944', '2020-04-25 10:28:29', '2020-04-25 10:28:29', NULL),
(507, 'Gostynin', 9, 3, '52.416667', '19.466667', '2020-04-25 10:28:29', '2020-04-25 10:28:29', NULL),
(508, 'Bieżuń', 9, 3, '52.950000', '19.883333', '2020-04-25 10:28:29', '2020-04-25 10:28:29', NULL),
(509, 'Milanówek', 9, 3, '52.116667', '20.650000', '2020-04-25 10:28:29', '2020-04-25 10:28:29', NULL),
(510, 'Przysucha', 9, 3, '51.366667', '20.616667', '2020-04-25 10:28:29', '2020-04-25 10:28:29', NULL),
(511, 'Raciąż', 9, 3, '52.779444', '20.115278', '2020-04-25 10:28:29', '2020-04-25 10:28:29', NULL),
(512, 'Pilawa', 9, 3, '51.960556', '21.532222', '2020-04-25 10:28:29', '2020-04-25 10:28:29', NULL),
(513, 'Mogielnica', 9, 3, '51.689722', '20.723056', '2020-04-25 10:28:29', '2020-04-25 10:28:29', NULL),
(514, 'Grójec', 9, 3, '51.865556', '20.867500', '2020-04-25 10:28:29', '2020-04-25 10:28:29', NULL),
(515, 'Kałuszyn', 9, 3, '52.208333', '21.811667', '2020-04-25 10:28:29', '2020-04-25 10:28:29', NULL),
(516, 'Gąbin', 9, 3, '52.400000', '19.733333', '2020-04-25 10:28:29', '2020-04-25 10:28:29', NULL),
(517, 'Różan', 9, 3, '52.890278', '21.395833', '2020-04-25 10:28:29', '2020-04-25 10:28:29', NULL),
(518, 'Kosów Lacki', 9, 3, '52.600000', '22.150000', '2020-04-25 10:28:29', '2020-04-25 10:28:29', NULL),
(519, 'Sulejówek', 9, 3, '52.244167', '21.280000', '2020-04-25 10:28:29', '2020-04-25 10:28:29', NULL),
(520, 'Nasielsk', 9, 3, '52.600000', '20.800000', '2020-04-25 10:28:29', '2020-04-25 10:28:29', NULL),
(521, 'Żuromin', 9, 3, '53.066667', '19.900000', '2020-04-25 10:28:29', '2020-04-25 10:28:29', NULL),
(522, 'Brwinów', 9, 3, '52.141667', '20.716667', '2020-04-25 10:28:29', '2020-04-25 10:28:29', NULL),
(523, 'Zielonka', 9, 3, '52.300833', '21.158611', '2020-04-25 10:28:29', '2020-04-25 10:28:29', NULL),
(524, 'Ostrów Mazowiecka', 9, 3, '52.800000', '21.900000', '2020-04-25 10:28:29', '2020-04-25 10:28:29', NULL),
(525, 'Kozienice', 9, 3, '51.583333', '21.566667', '2020-04-25 10:28:29', '2020-04-25 10:28:29', NULL),
(526, 'Przasnysz', 9, 3, '53.016667', '20.883333', '2020-04-25 10:28:29', '2020-04-25 10:28:29', NULL),
(527, 'Otwock', 9, 3, '52.116667', '21.266667', '2020-04-25 10:28:29', '2020-04-25 10:28:29', NULL),
(528, 'Żelechów', 9, 3, '51.800000', '21.900000', '2020-04-25 10:28:29', '2020-04-25 10:28:29', NULL),
(529, 'Serock', 9, 3, '52.513056', '21.069444', '2020-04-25 10:28:29', '2020-04-25 10:28:29', NULL),
(530, 'Piaseczno', 9, 3, '52.066667', '21.016667', '2020-04-25 10:28:29', '2020-04-25 10:28:29', NULL),
(531, 'Mława', 9, 3, '53.116667', '20.366667', '2020-04-25 10:28:29', '2020-04-25 10:28:29', NULL),
(532, 'Pruszków', 9, 3, '52.166667', '20.800000', '2020-04-25 10:28:29', '2020-04-25 10:28:29', NULL),
(533, 'Ciechanów', 9, 3, '52.866667', '20.633333', '2020-04-25 10:28:29', '2020-04-25 10:28:29', NULL),
(534, 'Sochaczew', 9, 3, '52.233333', '20.233333', '2020-04-25 10:28:29', '2020-04-25 10:28:29', NULL),
(535, 'Grodzisk Mazowiecki', 9, 3, '52.108889', '20.625000', '2020-04-25 10:28:29', '2020-04-25 10:28:29', NULL),
(536, 'Ostrołęka', 9, 3, '53.066667', '21.566667', '2020-04-25 10:28:29', '2020-04-25 10:28:29', NULL),
(537, 'Zwoleń', 9, 3, '51.356944', '21.583889', '2020-04-25 10:28:30', '2020-04-25 10:28:30', NULL),
(538, 'Kobyłka', 9, 3, '52.333333', '21.200000', '2020-04-25 10:28:30', '2020-04-25 10:28:30', NULL),
(539, 'Siedlce', 9, 3, '52.165000', '22.271389', '2020-04-25 10:28:30', '2020-04-25 10:28:30', NULL),
(540, 'Sierpc', 9, 3, '52.883333', '19.666667', '2020-04-25 10:28:30', '2020-04-25 10:28:30', NULL),
(541, 'Nowe Miasto nad Pilicą', 9, 3, '51.619444', '20.576111', '2020-04-25 10:28:30', '2020-04-25 10:28:30', NULL),
(542, 'Płock', 9, 3, '52.550000', '19.700000', '2020-04-25 10:28:30', '2020-04-25 10:28:30', NULL),
(543, 'Radom', 9, 3, '51.403611', '21.156667', '2020-04-25 10:28:30', '2020-04-25 10:28:30', NULL),
(544, 'Warsaw', 9, 3, '52.233333', '21.016667', '2020-04-25 10:28:30', '2020-04-25 10:28:30', NULL),
(545, 'Kolonowskie', 10, 3, '50.653056', '18.388889', '2020-04-25 10:29:09', '2020-04-25 10:29:09', NULL),
(546, 'Tułowice, Opole Voivodeship', 10, 3, '50.593333', '17.655000', '2020-04-25 10:29:09', '2020-04-25 10:29:09', NULL),
(547, 'Nysa, Poland', 10, 3, '50.471389', '17.333889', '2020-04-25 10:29:09', '2020-04-25 10:29:09', NULL),
(548, 'Ujazd', 10, 3, '50.390556', '18.354167', '2020-04-25 10:29:09', '2020-04-25 10:29:09', NULL),
(549, 'Niemodlin', 10, 3, '50.633333', '17.600000', '2020-04-25 10:29:09', '2020-04-25 10:29:09', NULL),
(550, 'Zdzieszowice', 10, 3, '50.419167', '18.123611', '2020-04-25 10:29:09', '2020-04-25 10:29:09', NULL),
(551, 'Strzelce Opolskie', 10, 3, '50.500000', '18.283333', '2020-04-25 10:29:09', '2020-04-25 10:29:09', NULL),
(552, 'Wołczyn', 10, 3, '51.018333', '18.056944', '2020-04-25 10:29:09', '2020-04-25 10:29:09', NULL),
(553, 'Baborów', 10, 3, '50.157778', '17.980000', '2020-04-25 10:29:09', '2020-04-25 10:29:09', NULL),
(554, 'Prudnik', 10, 3, '50.322778', '17.576667', '2020-04-25 10:29:09', '2020-04-25 10:29:09', NULL),
(555, 'Zawadzkie', 10, 3, '50.609444', '18.480000', '2020-04-25 10:29:09', '2020-04-25 10:29:09', NULL),
(556, 'Gorzów Śląski', 10, 3, '51.033333', '18.433333', '2020-04-25 10:29:09', '2020-04-25 10:29:09', NULL),
(557, 'Prószków', 10, 3, '50.576389', '17.871389', '2020-04-25 10:29:09', '2020-04-25 10:29:09', NULL),
(558, 'Korfantów', 10, 3, '50.500000', '17.600000', '2020-04-25 10:29:09', '2020-04-25 10:29:09', NULL),
(559, 'Praszka', 10, 3, '51.050000', '18.450000', '2020-04-25 10:29:09', '2020-04-25 10:29:09', NULL),
(560, 'Krapkowice', 10, 3, '50.466667', '17.966667', '2020-04-25 10:29:09', '2020-04-25 10:29:09', NULL),
(561, 'Namysłów', 10, 3, '51.072778', '17.706944', '2020-04-25 10:29:09', '2020-04-25 10:29:09', NULL),
(562, 'Ozimek', 10, 3, '50.673056', '18.213056', '2020-04-25 10:29:09', '2020-04-25 10:29:09', NULL),
(563, 'Kietrz', 10, 3, '50.079167', '18.008889', '2020-04-25 10:29:09', '2020-04-25 10:29:09', NULL),
(564, 'Głubczyce', 10, 3, '50.201111', '17.824722', '2020-04-25 10:29:09', '2020-04-25 10:29:09', NULL),
(565, 'Otmuchów', 10, 3, '50.466667', '17.175000', '2020-04-25 10:29:09', '2020-04-25 10:29:09', NULL),
(566, 'Dobrodzień', 10, 3, '50.727778', '18.444444', '2020-04-25 10:29:09', '2020-04-25 10:29:09', NULL),
(567, 'Paczków', 10, 3, '50.450000', '17.000000', '2020-04-25 10:29:09', '2020-04-25 10:29:09', NULL),
(568, 'Olesno', 10, 3, '50.875000', '18.416667', '2020-04-25 10:29:09', '2020-04-25 10:29:09', NULL),
(569, 'Głuchołazy', 10, 3, '50.313056', '17.374167', '2020-04-25 10:29:09', '2020-04-25 10:29:09', NULL),
(570, 'Lewin Brzeski', 10, 3, '50.749722', '17.618889', '2020-04-25 10:29:09', '2020-04-25 10:29:09', NULL),
(571, 'Kędzierzyn-Koźle', 10, 3, '50.350000', '18.200000', '2020-04-25 10:29:10', '2020-04-25 10:29:10', NULL),
(572, 'Kluczbork', 10, 3, '50.983333', '18.216667', '2020-04-25 10:29:10', '2020-04-25 10:29:10', NULL),
(573, 'Głogówek', 10, 3, '50.343889', '17.867222', '2020-04-25 10:29:10', '2020-04-25 10:29:10', NULL),
(574, 'Biała Prudnicka', 10, 3, '50.400000', '17.666667', '2020-04-25 10:29:10', '2020-04-25 10:29:10', NULL),
(575, 'Gogolin', 10, 3, '50.488056', '18.023889', '2020-04-25 10:29:10', '2020-04-25 10:29:10', NULL),
(576, 'Grodków', 10, 3, '50.683333', '17.366667', '2020-04-25 10:29:10', '2020-04-25 10:29:10', NULL),
(577, 'Byczyna', 10, 3, '51.116667', '18.216667', '2020-04-25 10:29:10', '2020-04-25 10:29:10', NULL),
(578, 'Leśnica', 10, 3, '50.429167', '18.181111', '2020-04-25 10:29:10', '2020-04-25 10:29:10', NULL),
(579, 'Opole', 10, 3, '50.666667', '17.933333', '2020-04-25 10:29:10', '2020-04-25 10:29:10', NULL),
(580, 'Brzeg', 10, 3, '50.866667', '17.483333', '2020-04-25 10:29:10', '2020-04-25 10:29:10', NULL),
(581, 'Michałowo', 11, 3, '53.036667', '23.603611', '2020-04-25 10:32:32', '2020-04-25 10:32:32', NULL),
(582, 'Kleszczele', 11, 3, '52.576667', '23.321389', '2020-04-25 10:32:32', '2020-04-25 10:32:32', NULL),
(583, 'Dąbrowa Białostocka', 11, 3, '53.650000', '23.350000', '2020-04-25 10:32:32', '2020-04-25 10:32:32', NULL),
(584, 'Mońki', 11, 3, '53.400000', '22.800000', '2020-04-25 10:32:32', '2020-04-25 10:32:32', NULL),
(585, 'Suchowola', 11, 3, '53.576667', '23.101667', '2020-04-25 10:32:32', '2020-04-25 10:32:32', NULL),
(586, 'Szepietowo', 11, 3, '52.869722', '22.546389', '2020-04-25 10:32:32', '2020-04-25 10:32:32', NULL),
(587, 'Czyżew', 11, 3, '52.795833', '22.329167', '2020-04-25 10:32:32', '2020-04-25 10:32:32', NULL),
(588, 'Szczuczyn', 11, 3, '53.566111', '22.285000', '2020-04-25 10:32:32', '2020-04-25 10:32:32', NULL),
(589, 'Nowogród', 11, 3, '53.226389', '21.879444', '2020-04-25 10:32:32', '2020-04-25 10:32:32', NULL),
(590, 'Siemiatycze', 11, 3, '52.427222', '22.862500', '2020-04-25 10:32:32', '2020-04-25 10:32:32', NULL),
(591, 'Sejny', 11, 3, '54.116667', '23.366667', '2020-04-25 10:32:32', '2020-04-25 10:32:32', NULL),
(592, 'Drohiczyn', 11, 3, '52.397222', '22.659167', '2020-04-25 10:32:32', '2020-04-25 10:32:32', NULL),
(593, 'Lipsk', 11, 3, '53.733333', '23.400000', '2020-04-25 10:32:32', '2020-04-25 10:32:32', NULL),
(594, 'Tykocin', 11, 3, '53.203056', '22.770833', '2020-04-25 10:32:32', '2020-04-25 10:32:32', NULL),
(595, 'Ciechanowiec', 11, 3, '52.683333', '22.500000', '2020-04-25 10:32:32', '2020-04-25 10:32:32', NULL),
(596, 'Goniądz', 11, 3, '53.489167', '22.737778', '2020-04-25 10:32:32', '2020-04-25 10:32:32', NULL),
(597, 'Suraż', 11, 3, '52.955278', '22.955278', '2020-04-25 10:32:32', '2020-04-25 10:32:32', NULL),
(598, 'Czarna Białostocka', 11, 3, '53.300000', '23.283333', '2020-04-25 10:32:32', '2020-04-25 10:32:32', NULL),
(599, 'Krynki', 11, 3, '53.265556', '23.772222', '2020-04-25 10:32:32', '2020-04-25 10:32:32', NULL),
(600, 'Zambrów', 11, 3, '52.983333', '22.250000', '2020-04-25 10:32:32', '2020-04-25 10:32:32', NULL),
(601, 'Choroszcz', 11, 3, '53.133333', '22.983333', '2020-04-25 10:32:32', '2020-04-25 10:32:32', NULL),
(602, 'Zabłudów', 11, 3, '53.016667', '23.333333', '2020-04-25 10:32:32', '2020-04-25 10:32:32', NULL),
(603, 'Augustów', 11, 3, '53.843611', '22.977500', '2020-04-25 10:32:32', '2020-04-25 10:32:32', NULL),
(604, 'Rajgród', 11, 3, '53.730278', '22.692500', '2020-04-25 10:32:32', '2020-04-25 10:32:32', NULL),
(605, 'Brańsk', 11, 3, '52.750000', '22.833333', '2020-04-25 10:32:32', '2020-04-25 10:32:32', NULL),
(606, 'Stawiski', 11, 3, '53.383333', '22.166667', '2020-04-25 10:32:32', '2020-04-25 10:32:32', NULL),
(607, 'Łapy', 11, 3, '52.983333', '22.883333', '2020-04-25 10:32:32', '2020-04-25 10:32:32', NULL),
(608, 'Wysokie Mazowieckie', 11, 3, '52.919167', '22.514444', '2020-04-25 10:32:33', '2020-04-25 10:32:33', NULL),
(609, 'Hajnówka', 11, 3, '52.733333', '23.566667', '2020-04-25 10:32:33', '2020-04-25 10:32:33', NULL),
(610, 'Bielsk Podlaski', 11, 3, '52.766667', '23.200000', '2020-04-25 10:32:33', '2020-04-25 10:32:33', NULL),
(611, 'Sokółka', 11, 3, '53.400000', '23.500000', '2020-04-25 10:32:33', '2020-04-25 10:32:33', NULL),
(612, 'Grajewo', 11, 3, '53.650000', '22.450000', '2020-04-25 10:32:33', '2020-04-25 10:32:33', NULL),
(613, 'Supraśl', 11, 3, '53.216667', '23.333333', '2020-04-25 10:32:33', '2020-04-25 10:32:33', NULL),
(614, 'Kolno', 11, 3, '53.410556', '21.933889', '2020-04-25 10:32:33', '2020-04-25 10:32:33', NULL),
(615, 'Knyszyn', 11, 3, '53.313056', '22.917500', '2020-04-25 10:32:33', '2020-04-25 10:32:33', NULL),
(616, 'Wasilków', 11, 3, '53.205000', '23.204444', '2020-04-25 10:32:33', '2020-04-25 10:32:33', NULL),
(617, 'Łomża', 11, 3, '53.176389', '22.073056', '2020-04-25 10:32:33', '2020-04-25 10:32:33', NULL),
(618, 'Suwałki', 11, 3, '54.101111', '22.932500', '2020-04-25 10:32:33', '2020-04-25 10:32:33', NULL),
(619, 'Jedwabne', 11, 3, '53.283333', '22.300000', '2020-04-25 10:32:33', '2020-04-25 10:32:33', NULL),
(620, 'Białystok', 11, 3, '53.135278', '23.145556', '2020-04-25 10:32:33', '2020-04-25 10:32:33', NULL),
(621, 'Krynica Morska', 12, 3, '54.382500', '19.444444', '2020-04-25 10:33:10', '2020-04-25 10:33:10', NULL),
(622, 'Reda, Poland', 12, 3, '54.616667', '18.350000', '2020-04-25 10:33:10', '2020-04-25 10:33:10', NULL),
(623, 'Kępice', 12, 3, '54.241111', '16.889722', '2020-04-25 10:33:10', '2020-04-25 10:33:10', NULL),
(624, 'Brusy', 12, 3, '53.885556', '17.721944', '2020-04-25 10:33:11', '2020-04-25 10:33:11', NULL),
(625, 'Żukowo', 12, 3, '54.345833', '18.360556', '2020-04-25 10:33:11', '2020-04-25 10:33:11', NULL),
(626, 'Nowy Staw', 12, 3, '54.135556', '19.013333', '2020-04-25 10:33:11', '2020-04-25 10:33:11', NULL),
(627, 'Czersk', 12, 3, '53.792778', '17.973889', '2020-04-25 10:33:11', '2020-04-25 10:33:11', NULL),
(628, 'Władysławowo', 12, 3, '54.833889', '18.315556', '2020-04-25 10:33:11', '2020-04-25 10:33:11', NULL),
(629, 'Jastarnia', 12, 3, '54.700000', '18.666667', '2020-04-25 10:33:11', '2020-04-25 10:33:11', NULL),
(630, 'Dzierzgoń', 12, 3, '53.923333', '19.351389', '2020-04-25 10:33:11', '2020-04-25 10:33:11', NULL),
(631, 'Puck, Poland', 12, 3, '54.700000', '18.400000', '2020-04-25 10:33:11', '2020-04-25 10:33:11', NULL),
(632, 'Prabuty', 12, 3, '53.755833', '19.197500', '2020-04-25 10:33:11', '2020-04-25 10:33:11', NULL),
(633, 'Nowy Dwór Gdański', 12, 3, '54.216667', '19.116667', '2020-04-25 10:33:11', '2020-04-25 10:33:11', NULL),
(634, 'Skarszewy', 12, 3, '54.067222', '18.445833', '2020-04-25 10:33:11', '2020-04-25 10:33:11', NULL),
(635, 'Skórcz', 12, 3, '53.796667', '18.526111', '2020-04-25 10:33:11', '2020-04-25 10:33:11', NULL),
(636, 'Czarna Woda', 12, 3, '53.833333', '18.100000', '2020-04-25 10:33:11', '2020-04-25 10:33:11', NULL),
(637, 'Kwidzyn', 12, 3, '53.735833', '18.930833', '2020-04-25 10:33:11', '2020-04-25 10:33:11', NULL),
(638, 'Ustka', 12, 3, '54.583333', '16.850000', '2020-04-25 10:33:11', '2020-04-25 10:33:11', NULL),
(639, 'Wejherowo', 12, 3, '54.600000', '18.250000', '2020-04-25 10:33:11', '2020-04-25 10:33:11', NULL),
(640, 'Kartuzy', 12, 3, '54.333333', '18.200000', '2020-04-25 10:33:11', '2020-04-25 10:33:11', NULL),
(641, 'Starogard Gdański', 12, 3, '53.966667', '18.533333', '2020-04-25 10:33:11', '2020-04-25 10:33:11', NULL),
(642, 'Czarne', 12, 3, '53.683333', '16.950000', '2020-04-25 10:33:11', '2020-04-25 10:33:11', NULL),
(643, 'Pruszcz Gdański', 12, 3, '54.266667', '18.633333', '2020-04-25 10:33:11', '2020-04-25 10:33:11', NULL),
(644, 'Kościerzyna', 12, 3, '54.116667', '17.983333', '2020-04-25 10:33:11', '2020-04-25 10:33:11', NULL),
(645, 'Miastko', 12, 3, '54.016667', '16.983333', '2020-04-25 10:33:11', '2020-04-25 10:33:11', NULL),
(646, 'Rumia', 12, 3, '54.566667', '18.400000', '2020-04-25 10:33:11', '2020-04-25 10:33:11', NULL),
(647, 'Gniew', 12, 3, '53.833333', '18.833333', '2020-04-25 10:33:11', '2020-04-25 10:33:11', NULL),
(648, 'Debrzno', 12, 3, '53.533333', '17.233333', '2020-04-25 10:33:11', '2020-04-25 10:33:11', NULL),
(649, 'Bytów', 12, 3, '54.133333', '17.500000', '2020-04-25 10:33:11', '2020-04-25 10:33:11', NULL),
(650, 'Lębork', 12, 3, '54.550000', '17.750000', '2020-04-25 10:33:11', '2020-04-25 10:33:11', NULL),
(651, 'Łeba', 12, 3, '54.783333', '17.550000', '2020-04-25 10:33:11', '2020-04-25 10:33:11', NULL),
(652, 'Człuchów', 12, 3, '53.650000', '17.366667', '2020-04-25 10:33:11', '2020-04-25 10:33:11', NULL),
(653, 'Sztum', 12, 3, '53.921667', '19.033611', '2020-04-25 10:33:11', '2020-04-25 10:33:11', NULL),
(654, 'Hel, Poland', 12, 3, '54.611667', '18.808056', '2020-04-25 10:33:12', '2020-04-25 10:33:12', NULL),
(655, 'Pelplin', 12, 3, '53.928056', '18.697778', '2020-04-25 10:33:12', '2020-04-25 10:33:12', NULL),
(656, 'Malbork', 12, 3, '54.033333', '19.033333', '2020-04-25 10:33:12', '2020-04-25 10:33:12', NULL),
(657, 'Chojnice', 12, 3, '53.700000', '17.550000', '2020-04-25 10:33:12', '2020-04-25 10:33:12', NULL),
(658, 'Tczew', 12, 3, '54.087500', '18.797222', '2020-04-25 10:33:12', '2020-04-25 10:33:12', NULL),
(659, 'Sopot', 12, 3, '54.433333', '18.550000', '2020-04-25 10:33:12', '2020-04-25 10:33:12', NULL),
(660, 'Gdynia', 12, 3, '54.500000', '18.533333', '2020-04-25 10:33:12', '2020-04-25 10:33:12', NULL),
(661, 'Gdańsk', 12, 3, '54.366667', '18.633333', '2020-04-25 10:33:12', '2020-04-25 10:33:12', NULL),
(662, 'Słupsk', 12, 3, '54.465833', '17.029167', '2020-04-25 10:33:12', '2020-04-25 10:33:12', NULL),
(663, 'Koziegłowy, Silesian Voivodeship', 13, 3, '50.600833', '19.164722', '2020-04-25 10:33:45', '2020-04-25 10:33:45', NULL),
(664, 'Kłobuck', 13, 3, '50.916667', '18.933333', '2020-04-25 10:33:45', '2020-04-25 10:33:45', NULL),
(665, 'Siemianowice Śląskie', 13, 3, '50.275833', '18.985833', '2020-04-25 10:33:45', '2020-04-25 10:33:45', NULL),
(666, 'Kuźnia Raciborska', 13, 3, '50.216667', '18.300000', '2020-04-25 10:33:46', '2020-04-25 10:33:46', NULL),
(667, 'Woźniki', 13, 3, '50.583333', '19.050000', '2020-04-25 10:33:46', '2020-04-25 10:33:46', NULL),
(668, 'Pszczyna', 13, 3, '49.983333', '18.950000', '2020-04-25 10:33:46', '2020-04-25 10:33:46', NULL),
(669, 'Koniecpol', 13, 3, '50.783333', '19.683333', '2020-04-25 10:33:46', '2020-04-25 10:33:46', NULL),
(670, 'Szczyrk', 13, 3, '49.716111', '19.026944', '2020-04-25 10:33:46', '2020-04-25 10:33:46', NULL),
(671, 'Pszów', 13, 3, '50.050000', '18.400000', '2020-04-25 10:33:46', '2020-04-25 10:33:46', NULL),
(672, 'Czerwionka-Leszczyny', 13, 3, '50.183333', '18.683333', '2020-04-25 10:33:46', '2020-04-25 10:33:46', NULL),
(673, 'Lubliniec', 13, 3, '50.683333', '18.683333', '2020-04-25 10:33:46', '2020-04-25 10:33:46', NULL),
(674, 'Wilamowice', 13, 3, '49.916389', '19.151944', '2020-04-25 10:33:46', '2020-04-25 10:33:46', NULL),
(675, 'Imielin', 13, 3, '50.147778', '19.181389', '2020-04-25 10:33:46', '2020-04-25 10:33:46', NULL),
(676, 'Kalety', 13, 3, '50.566667', '18.900000', '2020-04-25 10:33:46', '2020-04-25 10:33:46', NULL),
(677, 'Miasteczko Śląskie', 13, 3, '50.483333', '18.900000', '2020-04-25 10:33:46', '2020-04-25 10:33:46', NULL),
(678, 'Toszek', 13, 3, '50.450000', '18.516667', '2020-04-25 10:33:46', '2020-04-25 10:33:46', NULL),
(679, 'Radzionków', 13, 3, '50.383333', '18.883333', '2020-04-25 10:33:46', '2020-04-25 10:33:46', NULL),
(680, 'Czeladź', 13, 3, '50.333333', '19.083333', '2020-04-25 10:33:46', '2020-04-25 10:33:46', NULL),
(681, 'Łazy', 13, 3, '50.433333', '19.400000', '2020-04-25 10:33:46', '2020-04-25 10:33:46', NULL),
(682, 'Żarki', 13, 3, '50.628056', '19.370278', '2020-04-25 10:33:46', '2020-04-25 10:33:46', NULL),
(683, 'Myszków', 13, 3, '50.583333', '19.316667', '2020-04-25 10:33:46', '2020-04-25 10:33:46', NULL),
(684, 'Szczekociny', 13, 3, '50.633333', '19.833333', '2020-04-25 10:33:46', '2020-04-25 10:33:46', NULL),
(685, 'Radlin, Silesian Voivodeship', 13, 3, '50.016667', '18.483333', '2020-04-25 10:33:46', '2020-04-25 10:33:46', NULL),
(686, 'Łaziska Górne', 13, 3, '50.150000', '18.850000', '2020-04-25 10:33:46', '2020-04-25 10:33:46', NULL),
(687, 'Pyskowice', 13, 3, '50.383333', '18.616667', '2020-04-25 10:33:46', '2020-04-25 10:33:46', NULL),
(688, 'Rydułtowy', 13, 3, '50.058333', '18.416667', '2020-04-25 10:33:46', '2020-04-25 10:33:46', NULL),
(689, 'Ogrodzieniec', 13, 3, '50.450000', '19.516667', '2020-04-25 10:33:46', '2020-04-25 10:33:46', NULL),
(690, 'Blachownia', 13, 3, '50.783333', '18.966667', '2020-04-25 10:33:46', '2020-04-25 10:33:46', NULL),
(691, 'Pilica, Silesian Voivodeship', 13, 3, '50.466389', '19.656667', '2020-04-25 10:33:46', '2020-04-25 10:33:46', NULL),
(692, 'Orzesze', 13, 3, '50.150000', '18.750000', '2020-04-25 10:33:46', '2020-04-25 10:33:46', NULL),
(693, 'Bieruń', 13, 3, '50.133333', '19.100000', '2020-04-25 10:33:46', '2020-04-25 10:33:46', NULL),
(694, 'Poręba', 13, 3, '50.492778', '19.333611', '2020-04-25 10:33:47', '2020-04-25 10:33:47', NULL),
(695, 'Knurów', 13, 3, '50.216667', '18.683333', '2020-04-25 10:33:47', '2020-04-25 10:33:47', NULL),
(696, 'Krzepice', 13, 3, '50.967222', '18.731944', '2020-04-25 10:33:47', '2020-04-25 10:33:47', NULL),
(697, 'Siewierz', 13, 3, '50.473333', '19.233056', '2020-04-25 10:33:47', '2020-04-25 10:33:47', NULL),
(698, 'Sośnicowice', 13, 3, '50.283333', '18.533333', '2020-04-25 10:33:47', '2020-04-25 10:33:47', NULL),
(699, 'Krzanowice', 13, 3, '50.020556', '18.127500', '2020-04-25 10:33:47', '2020-04-25 10:33:47', NULL),
(700, 'Lędziny', 13, 3, '50.126944', '19.112222', '2020-04-25 10:33:47', '2020-04-25 10:33:47', NULL),
(701, 'Wisła', 13, 3, '49.654914', '18.859508', '2020-04-25 10:33:47', '2020-04-25 10:33:47', NULL),
(702, 'Strumień', 13, 3, '49.917222', '18.763611', '2020-04-25 10:33:47', '2020-04-25 10:33:47', NULL),
(703, 'Ustroń', 13, 3, '49.719444', '18.811944', '2020-04-25 10:33:47', '2020-04-25 10:33:47', NULL),
(704, 'Żywiec', 13, 3, '49.689167', '19.205833', '2020-04-25 10:33:47', '2020-04-25 10:33:47', NULL),
(705, 'Sławków', 13, 3, '50.316667', '19.383333', '2020-04-25 10:33:47', '2020-04-25 10:33:47', NULL),
(706, 'Żory', 13, 3, '50.050000', '18.700000', '2020-04-25 10:33:47', '2020-04-25 10:33:47', NULL),
(707, 'Rybnik', 13, 3, '50.083333', '18.550000', '2020-04-25 10:33:47', '2020-04-25 10:33:47', NULL),
(708, 'Jaworzno', 13, 3, '50.204444', '19.270000', '2020-04-25 10:33:47', '2020-04-25 10:33:47', NULL),
(709, 'Zawiercie', 13, 3, '50.500000', '19.416667', '2020-04-25 10:33:47', '2020-04-25 10:33:47', NULL),
(710, 'Ruda Śląska', 13, 3, '50.262778', '18.853611', '2020-04-25 10:33:47', '2020-04-25 10:33:47', NULL),
(711, 'Jastrzębie-Zdrój', 13, 3, '49.950000', '18.583333', '2020-04-25 10:33:47', '2020-04-25 10:33:47', NULL),
(712, 'Mikołów', 13, 3, '50.166667', '18.900000', '2020-04-25 10:33:47', '2020-04-25 10:33:47', NULL),
(713, 'Wodzisław Śląski', 13, 3, '50.000000', '18.450000', '2020-04-25 10:33:47', '2020-04-25 10:33:47', NULL),
(714, 'Czechowice-Dziedzice', 13, 3, '49.913056', '19.006389', '2020-04-25 10:33:47', '2020-04-25 10:33:47', NULL),
(715, 'Sosnowiec', 13, 3, '50.283333', '19.133333', '2020-04-25 10:33:47', '2020-04-25 10:33:47', NULL),
(716, 'Świętochłowice', 13, 3, '50.291944', '18.917778', '2020-04-25 10:33:47', '2020-04-25 10:33:47', NULL),
(717, 'Cieszyn', 13, 3, '49.748436', '18.633211', '2020-04-25 10:33:47', '2020-04-25 10:33:47', NULL),
(718, 'Racibórz', 13, 3, '50.083333', '18.233333', '2020-04-25 10:33:47', '2020-04-25 10:33:47', NULL),
(719, 'Mysłowice', 13, 3, '50.233333', '19.133333', '2020-04-25 10:33:47', '2020-04-25 10:33:47', NULL),
(720, 'Bytom', 13, 3, '50.348333', '18.915556', '2020-04-25 10:33:47', '2020-04-25 10:33:47', NULL),
(721, 'Będzin', 13, 3, '50.333333', '19.116667', '2020-04-25 10:33:47', '2020-04-25 10:33:47', NULL),
(722, 'Piekary Śląskie', 13, 3, '50.383333', '18.950000', '2020-04-25 10:33:47', '2020-04-25 10:33:47', NULL),
(723, 'Skoczów', 13, 3, '49.800556', '18.788333', '2020-04-25 10:33:47', '2020-04-25 10:33:47', NULL),
(724, 'Zabrze', 13, 3, '50.302500', '18.778056', '2020-04-25 10:33:47', '2020-04-25 10:33:47', NULL),
(725, 'Wojkowice', 13, 3, '50.366667', '19.050000', '2020-04-25 10:33:47', '2020-04-25 10:33:47', NULL),
(726, 'Chorzów', 13, 3, '50.300000', '18.950000', '2020-04-25 10:33:47', '2020-04-25 10:33:47', NULL),
(727, 'Tarnowskie Góry', 13, 3, '50.444444', '18.858333', '2020-04-25 10:33:48', '2020-04-25 10:33:48', NULL),
(728, 'Bielsko-Biała', 13, 3, '49.822500', '19.044444', '2020-04-25 10:33:48', '2020-04-25 10:33:48', NULL),
(729, 'Gliwice', 13, 3, '50.283333', '18.666667', '2020-04-25 10:33:48', '2020-04-25 10:33:48', NULL),
(730, 'Tychy', 13, 3, '50.123611', '18.986667', '2020-04-25 10:33:48', '2020-04-25 10:33:48', NULL),
(731, 'Częstochowa', 13, 3, '50.800000', '19.116667', '2020-04-25 10:33:48', '2020-04-25 10:33:48', NULL),
(732, 'Katowice', 13, 3, '50.258333', '19.027500', '2020-04-25 10:33:48', '2020-04-25 10:33:48', NULL),
(733, 'Dąbrowa Górnicza', 13, 3, '50.321389', '19.187222', '2020-04-25 10:33:48', '2020-04-25 10:33:48', NULL),
(734, 'Pruchnik', 14, 3, '49.916667', '22.516667', '2020-04-25 10:34:13', '2020-04-25 10:34:13', NULL),
(735, 'Radomyśl Wielki', 14, 3, '50.194722', '21.273333', '2020-04-25 10:34:13', '2020-04-25 10:34:13', NULL),
(736, 'Kańczuga', 14, 3, '50.000000', '22.400000', '2020-04-25 10:34:13', '2020-04-25 10:34:13', NULL),
(737, 'Pilzno', 14, 3, '49.981944', '21.288333', '2020-04-25 10:34:13', '2020-04-25 10:34:13', NULL),
(738, 'Rymanów', 14, 3, '49.566667', '21.883333', '2020-04-25 10:34:13', '2020-04-25 10:34:13', NULL),
(739, 'Tyczyn', 14, 3, '49.966667', '22.033333', '2020-04-25 10:34:13', '2020-04-25 10:34:13', NULL),
(740, 'Sędziszów Małopolski', 14, 3, '50.069444', '21.701389', '2020-04-25 10:34:13', '2020-04-25 10:34:13', NULL),
(741, 'Przecław', 14, 3, '50.193056', '21.478333', '2020-04-25 10:34:13', '2020-04-25 10:34:13', NULL),
(742, 'Tarnobrzeg', 14, 3, '50.583333', '21.683333', '2020-04-25 10:34:13', '2020-04-25 10:34:13', NULL),
(743, 'Nowa Dęba', 14, 3, '50.433333', '21.766667', '2020-04-25 10:34:13', '2020-04-25 10:34:13', NULL),
(744, 'Strzyżów', 14, 3, '49.883333', '21.783333', '2020-04-25 10:34:13', '2020-04-25 10:34:13', NULL),
(745, 'Brzozów', 14, 3, '49.700000', '22.016667', '2020-04-25 10:34:13', '2020-04-25 10:34:13', NULL),
(746, 'Dynów', 14, 3, '49.833333', '22.233333', '2020-04-25 10:34:13', '2020-04-25 10:34:13', NULL),
(747, 'Boguchwała', 14, 3, '49.985278', '21.939167', '2020-04-25 10:34:13', '2020-04-25 10:34:13', NULL),
(748, 'Rudnik nad Sanem', 14, 3, '50.443889', '22.240833', '2020-04-25 10:34:13', '2020-04-25 10:34:13', NULL),
(749, 'Jedlicze', 14, 3, '49.716389', '21.645556', '2020-04-25 10:34:13', '2020-04-25 10:34:13', NULL),
(750, 'Głogów Małopolski', 14, 3, '50.166667', '21.966667', '2020-04-25 10:34:13', '2020-04-25 10:34:13', NULL),
(751, 'Radymno', 14, 3, '49.950000', '22.816389', '2020-04-25 10:34:13', '2020-04-25 10:34:13', NULL),
(752, 'Zagórz', 14, 3, '49.516667', '22.266667', '2020-04-25 10:34:13', '2020-04-25 10:34:13', NULL),
(753, 'Nowa Sarzyna', 14, 3, '50.322222', '22.318611', '2020-04-25 10:34:13', '2020-04-25 10:34:13', NULL),
(754, 'Sokołów Małopolski', 14, 3, '50.232500', '22.120833', '2020-04-25 10:34:13', '2020-04-25 10:34:13', NULL),
(755, 'Oleszyce', 14, 3, '50.166944', '23.030833', '2020-04-25 10:34:13', '2020-04-25 10:34:13', NULL),
(756, 'Brzostek', 14, 3, '49.882222', '21.407222', '2020-04-25 10:34:13', '2020-04-25 10:34:13', NULL),
(757, 'Sieniawa', 14, 3, '50.178056', '22.610556', '2020-04-25 10:34:13', '2020-04-25 10:34:13', NULL),
(758, 'Kołaczyce', 14, 3, '49.810556', '21.433611', '2020-04-25 10:34:13', '2020-04-25 10:34:13', NULL),
(759, 'Błażowa', 14, 3, '49.900000', '22.100000', '2020-04-25 10:34:14', '2020-04-25 10:34:14', NULL),
(760, 'Ulanów', 14, 3, '50.500000', '22.266667', '2020-04-25 10:34:14', '2020-04-25 10:34:14', NULL),
(761, 'Łańcut', 14, 3, '50.066667', '22.233333', '2020-04-25 10:34:14', '2020-04-25 10:34:14', NULL),
(762, 'Cieszanów', 14, 3, '50.266667', '23.133333', '2020-04-25 10:34:14', '2020-04-25 10:34:14', NULL),
(763, 'Iwonicz-Zdrój', 14, 3, '49.573333', '21.793611', '2020-04-25 10:34:14', '2020-04-25 10:34:14', NULL),
(764, 'Jarosław', 14, 3, '50.018611', '22.679722', '2020-04-25 10:34:14', '2020-04-25 10:34:14', NULL),
(765, 'Stalowa Wola', 14, 3, '50.583333', '22.050000', '2020-04-25 10:34:14', '2020-04-25 10:34:14', NULL),
(766, 'Jasło', 14, 3, '49.747778', '21.471389', '2020-04-25 10:34:14', '2020-04-25 10:34:14', NULL),
(767, 'Mielec', 14, 3, '50.283333', '21.433333', '2020-04-25 10:34:14', '2020-04-25 10:34:14', NULL),
(768, 'Przeworsk', 14, 3, '50.066667', '22.500000', '2020-04-25 10:34:14', '2020-04-25 10:34:14', NULL),
(769, 'Lubaczów', 14, 3, '50.166667', '23.116667', '2020-04-25 10:34:14', '2020-04-25 10:34:14', NULL),
(770, 'Leżajsk', 14, 3, '50.266667', '22.433333', '2020-04-25 10:34:14', '2020-04-25 10:34:14', NULL),
(771, 'Nisko', 14, 3, '50.533333', '22.133333', '2020-04-25 10:34:14', '2020-04-25 10:34:14', NULL),
(772, 'Dębica', 14, 3, '50.050000', '21.416667', '2020-04-25 10:34:14', '2020-04-25 10:34:14', NULL),
(773, 'Ustrzyki Dolne', 14, 3, '49.429722', '22.586667', '2020-04-25 10:34:14', '2020-04-25 10:34:14', NULL),
(774, 'Kolbuszowa', 14, 3, '50.250000', '21.766667', '2020-04-25 10:34:14', '2020-04-25 10:34:14', NULL),
(775, 'Lesko', 14, 3, '49.474444', '22.328889', '2020-04-25 10:34:14', '2020-04-25 10:34:14', NULL),
(776, 'Baranów Sandomierski', 14, 3, '50.500000', '21.533333', '2020-04-25 10:34:14', '2020-04-25 10:34:14', NULL),
(777, 'Dukla', 14, 3, '49.566667', '21.683333', '2020-04-25 10:34:14', '2020-04-25 10:34:14', NULL),
(778, 'Przemyśl', 14, 3, '49.783333', '22.766667', '2020-04-25 10:34:14', '2020-04-25 10:34:14', NULL),
(779, 'Sanok', 14, 3, '49.550000', '22.216667', '2020-04-25 10:34:14', '2020-04-25 10:34:14', NULL),
(780, 'Rzeszów', 14, 3, '50.033333', '22.000000', '2020-04-25 10:34:14', '2020-04-25 10:34:14', NULL),
(781, 'Ropczyce', 14, 3, '50.086111', '21.633333', '2020-04-25 10:34:14', '2020-04-25 10:34:14', NULL),
(782, 'Krosno', 14, 3, '49.683333', '21.750000', '2020-04-25 10:34:14', '2020-04-25 10:34:14', NULL),
(783, 'Narol', 14, 3, '50.350278', '23.327222', NULL, NULL, NULL),
(784, 'Sędziszów', 15, 3, '50.583333', '20.066667', '2020-04-25 10:35:47', '2020-04-25 10:35:47', NULL),
(785, 'Starachowice', 15, 3, '51.050000', '21.066667', '2020-04-25 10:35:47', '2020-04-25 10:35:47', NULL),
(786, 'Działoszyce', 15, 3, '50.366667', '20.350000', '2020-04-25 10:35:47', '2020-04-25 10:35:47', NULL),
(787, 'Wiślica', 15, 3, '50.346667', '20.673611', '2020-04-25 10:35:47', '2020-04-25 10:35:47', NULL),
(788, 'Ożarów', 15, 3, '50.890833', '21.667778', '2020-04-25 10:35:47', '2020-04-25 10:35:47', NULL),
(789, 'Włoszczowa', 15, 3, '50.854167', '19.966944', '2020-04-25 10:35:47', '2020-04-25 10:35:47', NULL),
(790, 'Suchedniów', 15, 3, '51.051667', '20.832500', '2020-04-25 10:35:47', '2020-04-25 10:35:47', NULL),
(791, 'Małogoszcz', 15, 3, '50.813333', '20.268333', '2020-04-25 10:35:47', '2020-04-25 10:35:47', NULL),
(792, 'Skalbmierz', 15, 3, '50.333333', '20.416667', '2020-04-25 10:35:47', '2020-04-25 10:35:47', NULL),
(793, 'Stąporków', 15, 3, '51.150000', '20.550000', '2020-04-25 10:35:47', '2020-04-25 10:35:47', NULL),
(794, 'Zawichost', 15, 3, '50.806667', '21.856389', '2020-04-25 10:35:47', '2020-04-25 10:35:47', NULL),
(795, 'Jędrzejów', 15, 3, '50.633333', '20.300000', '2020-04-25 10:35:47', '2020-04-25 10:35:47', NULL),
(796, 'Koprzywnica', 15, 3, '50.590556', '21.583611', '2020-04-25 10:35:47', '2020-04-25 10:35:47', NULL),
(797, 'Stopnica', 15, 3, '50.439167', '20.940556', '2020-04-25 10:35:47', '2020-04-25 10:35:47', NULL),
(798, 'Kazimierza Wielka', 15, 3, '50.273611', '20.484444', '2020-04-25 10:35:47', '2020-04-25 10:35:47', NULL),
(799, 'Opatowiec', 15, 3, '50.233333', '20.716667', '2020-04-25 10:35:47', '2020-04-25 10:35:47', NULL),
(800, 'Chmielnik', 15, 3, '50.611667', '20.749722', '2020-04-25 10:35:48', '2020-04-25 10:35:48', NULL),
(801, 'Daleszyce', 15, 3, '50.803611', '20.807500', '2020-04-25 10:35:48', '2020-04-25 10:35:48', NULL),
(802, 'Staszów', 15, 3, '50.563333', '21.171667', '2020-04-25 10:35:48', '2020-04-25 10:35:48', NULL),
(803, 'Ćmielów', 15, 3, '50.890278', '21.514722', '2020-04-25 10:35:48', '2020-04-25 10:35:48', NULL),
(804, 'Pińczów', 15, 3, '50.533333', '20.533333', '2020-04-25 10:35:48', '2020-04-25 10:35:48', NULL),
(805, 'Radoszyce, Świętokrzyskie Voivodeship', 15, 3, '51.073611', '20.255000', '2020-04-25 10:35:48', '2020-04-25 10:35:48', NULL),
(806, 'Chęciny', 15, 3, '50.802778', '20.467222', '2020-04-25 10:35:48', '2020-04-25 10:35:48', NULL),
(807, 'Bodzentyn', 15, 3, '50.940833', '20.957778', '2020-04-25 10:35:48', '2020-04-25 10:35:48', NULL),
(808, 'Kunów', 15, 3, '50.958611', '21.283056', '2020-04-25 10:35:48', '2020-04-25 10:35:48', NULL),
(809, 'Wąchock', 15, 3, '51.074167', '21.013611', '2020-04-25 10:35:48', '2020-04-25 10:35:48', NULL),
(810, 'Busko-Zdrój', 15, 3, '50.466667', '20.716667', '2020-04-25 10:35:48', '2020-04-25 10:35:48', NULL),
(811, 'Końskie', 15, 3, '51.200000', '20.416667', '2020-04-25 10:35:48', '2020-04-25 10:35:48', NULL),
(812, 'Opatów', 15, 3, '50.805000', '21.424722', '2020-04-25 10:35:48', '2020-04-25 10:35:48', NULL),
(813, 'Skarżysko-Kamienna', 15, 3, '51.116667', '20.916667', '2020-04-25 10:35:48', '2020-04-25 10:35:48', NULL),
(814, 'Ostrowiec Świętokrzyski', 15, 3, '50.933333', '21.400000', '2020-04-25 10:35:48', '2020-04-25 10:35:48', NULL),
(815, 'Osiek, Świętokrzyskie Voivodeship', 15, 3, '50.520000', '21.442778', '2020-04-25 10:35:48', '2020-04-25 10:35:48', NULL),
(816, 'Połaniec', 15, 3, '50.433056', '21.280278', '2020-04-25 10:35:48', '2020-04-25 10:35:48', NULL),
(817, 'Sandomierz', 15, 3, '50.683333', '21.750000', '2020-04-25 10:35:48', '2020-04-25 10:35:48', NULL),
(818, 'Kielce', 15, 3, '50.874167', '20.633333', '2020-04-25 10:35:48', '2020-04-25 10:35:48', NULL),
(819, 'Kętrzyn', 16, 3, '54.083333', '21.383333', '2020-04-25 10:36:17', '2020-04-25 10:36:17', NULL),
(820, 'Korsze', 16, 3, '54.171389', '21.141111', '2020-04-25 10:36:17', '2020-04-25 10:36:17', NULL),
(821, 'Olsztynek', 16, 3, '53.583333', '20.283333', '2020-04-25 10:36:17', '2020-04-25 10:36:17', NULL),
(822, 'Szczytno', 16, 3, '53.562778', '20.985278', '2020-04-25 10:36:17', '2020-04-25 10:36:17', NULL),
(823, 'Reszel', 16, 3, '54.051389', '21.145833', '2020-04-25 10:36:17', '2020-04-25 10:36:17', NULL),
(824, 'Pisz', 16, 3, '53.616667', '21.800000', '2020-04-25 10:36:17', '2020-04-25 10:36:17', NULL),
(825, 'Gołdap', 16, 3, '54.316111', '22.309444', '2020-04-25 10:36:17', '2020-04-25 10:36:17', NULL),
(826, 'Pasłęk', 16, 3, '54.050000', '19.666667', '2020-04-25 10:36:17', '2020-04-25 10:36:17', NULL),
(827, 'Ruciane-Nida', 16, 3, '53.642500', '21.549167', '2020-04-25 10:36:17', '2020-04-25 10:36:17', NULL),
(828, 'Orzysz', 16, 3, '53.805556', '21.945833', '2020-04-25 10:36:17', '2020-04-25 10:36:17', NULL),
(829, 'Susz', 16, 3, '53.720000', '19.337222', '2020-04-25 10:36:17', '2020-04-25 10:36:17', NULL),
(830, 'Tolkmicko', 16, 3, '54.320556', '19.530556', '2020-04-25 10:36:17', '2020-04-25 10:36:17', NULL),
(831, 'Mikołajki', 16, 3, '53.800000', '21.583333', '2020-04-25 10:36:18', '2020-04-25 10:36:18', NULL),
(832, 'Miłakowo', 16, 3, '54.000000', '20.066667', '2020-04-25 10:36:18', '2020-04-25 10:36:18', NULL),
(833, 'Jeziorany', 16, 3, '53.966667', '20.733333', '2020-04-25 10:36:18', '2020-04-25 10:36:18', NULL),
(834, 'Ryn', 16, 3, '53.937778', '21.548056', '2020-04-25 10:36:18', '2020-04-25 10:36:18', NULL),
(835, 'Lidzbark', 16, 3, '53.260278', '19.821111', '2020-04-25 10:36:18', '2020-04-25 10:36:18', NULL),
(836, 'Miłomłyn', 16, 3, '53.766667', '19.833333', '2020-04-25 10:36:18', '2020-04-25 10:36:18', NULL),
(837, 'Pasym', 16, 3, '53.647778', '20.790833', '2020-04-25 10:36:18', '2020-04-25 10:36:18', NULL),
(838, 'Orneta', 16, 3, '54.112778', '20.131667', '2020-04-25 10:36:18', '2020-04-25 10:36:18', NULL),
(839, 'Ostróda', 16, 3, '53.700000', '19.966667', '2020-04-25 10:36:18', '2020-04-25 10:36:18', NULL),
(840, 'Mrągowo', 16, 3, '53.866667', '21.300000', '2020-04-25 10:36:18', '2020-04-25 10:36:18', NULL),
(841, 'Iława', 16, 3, '53.596389', '19.565556', '2020-04-25 10:36:18', '2020-04-25 10:36:18', NULL),
(842, 'Giżycko', 16, 3, '54.040000', '21.758889', '2020-04-25 10:36:18', '2020-04-25 10:36:18', NULL),
(843, 'Braniewo', 16, 3, '54.383333', '19.833333', '2020-04-25 10:36:18', '2020-04-25 10:36:18', NULL),
(844, 'Nidzica', 16, 3, '53.358333', '20.425000', '2020-04-25 10:36:18', '2020-04-25 10:36:18', NULL),
(845, 'Zalewo', 16, 3, '53.846111', '19.610278', '2020-04-25 10:36:18', '2020-04-25 10:36:18', NULL),
(846, 'Bartoszyce', 16, 3, '54.250000', '20.800000', '2020-04-25 10:36:18', '2020-04-25 10:36:18', NULL),
(847, 'Lidzbark Warmiński', 16, 3, '54.116667', '20.583333', '2020-04-25 10:36:18', '2020-04-25 10:36:18', NULL),
(848, 'Nowe Miasto Lubawskie', 16, 3, '53.425556', '19.587778', '2020-04-25 10:36:18', '2020-04-25 10:36:18', NULL),
(849, 'Dobre Miasto', 16, 3, '53.987500', '20.395833', '2020-04-25 10:36:18', '2020-04-25 10:36:18', NULL),
(850, 'Bisztynek', 16, 3, '54.066667', '20.900000', '2020-04-25 10:36:18', '2020-04-25 10:36:18', NULL),
(851, 'Olecko', 16, 3, '54.033333', '22.500000', '2020-04-25 10:36:18', '2020-04-25 10:36:18', NULL),
(852, 'Sępopol', 16, 3, '54.268056', '21.000278', '2020-04-25 10:36:18', '2020-04-25 10:36:18', NULL),
(853, 'Węgorzewo', 16, 3, '54.216667', '21.750000', '2020-04-25 10:36:18', '2020-04-25 10:36:18', NULL),
(854, 'Działdowo', 16, 3, '53.233333', '20.183333', '2020-04-25 10:36:18', '2020-04-25 10:36:18', NULL),
(855, 'Kisielice', 16, 3, '53.606944', '19.259444', '2020-04-25 10:36:18', '2020-04-25 10:36:18', NULL),
(856, 'Lubawa', 16, 3, '53.500000', '19.750000', '2020-04-25 10:36:18', '2020-04-25 10:36:18', NULL),
(857, 'Biała Piska', 16, 3, '53.616667', '22.066667', '2020-04-25 10:36:18', '2020-04-25 10:36:18', NULL),
(858, 'Górowo Iławeckie', 16, 3, '54.286111', '20.491667', '2020-04-25 10:36:18', '2020-04-25 10:36:18', NULL),
(859, 'Morąg', 16, 3, '53.916667', '19.933333', '2020-04-25 10:36:18', '2020-04-25 10:36:18', NULL),
(860, 'Pieniężno', 16, 3, '54.216667', '20.116667', '2020-04-25 10:36:18', '2020-04-25 10:36:18', NULL),
(861, 'Frombork', 16, 3, '54.350000', '19.683333', '2020-04-25 10:36:19', '2020-04-25 10:36:19', NULL),
(862, 'Biskupiec', 16, 3, '53.850000', '20.950000', '2020-04-25 10:36:19', '2020-04-25 10:36:19', NULL),
(863, 'Barczewo', 16, 3, '53.833333', '20.683333', '2020-04-25 10:36:19', '2020-04-25 10:36:19', NULL),
(864, 'Ełk', 16, 3, '53.821389', '22.362222', '2020-04-25 10:36:19', '2020-04-25 10:36:19', NULL),
(865, 'Elbląg', 16, 3, '54.166667', '19.400000', '2020-04-25 10:36:19', '2020-04-25 10:36:19', NULL),
(866, 'Olsztyn', 16, 3, '53.777778', '20.479167', '2020-04-25 10:36:19', '2020-04-25 10:36:19', NULL),
(867, 'Młynary', 16, 3, '54.187222', '19.729167', '2020-04-25 10:36:19', '2020-04-25 10:36:19', NULL),
(868, 'Tychowo', 17, 3, '53.930278', '16.260833', '2020-04-25 10:36:44', '2020-04-25 10:36:44', NULL),
(869, 'Borne Sulinowo', 17, 3, '53.581111', '16.533333', '2020-04-25 10:36:44', '2020-04-25 10:36:44', NULL),
(870, 'Ińsko', 17, 3, '53.436667', '15.551944', '2020-04-25 10:36:44', '2020-04-25 10:36:44', NULL),
(871, 'Szczecinek', 17, 3, '53.716667', '16.683333', '2020-04-25 10:36:44', '2020-04-25 10:36:44', NULL),
(872, 'Dobrzany', 17, 3, '53.358611', '15.426111', '2020-04-25 10:36:44', '2020-04-25 10:36:44', NULL),
(873, 'Dębno', 17, 3, '52.733333', '14.700000', '2020-04-25 10:36:44', '2020-04-25 10:36:44', NULL),
(874, 'Nowogard', 17, 3, '53.666667', '15.116667', '2020-04-25 10:36:44', '2020-04-25 10:36:44', NULL),
(875, 'Dziwnów', 17, 3, '54.016667', '14.750000', '2020-04-25 10:36:44', '2020-04-25 10:36:44', NULL),
(876, 'Lipiany', 17, 3, '53.000278', '14.958611', '2020-04-25 10:36:44', '2020-04-25 10:36:44', NULL),
(877, 'Mieszkowice', 17, 3, '52.783333', '14.483333', '2020-04-25 10:36:44', '2020-04-25 10:36:44', NULL),
(878, 'Polanów', 17, 3, '54.100000', '16.700000', '2020-04-25 10:36:44', '2020-04-25 10:36:44', NULL),
(879, 'Pełczyce', 17, 3, '53.043333', '15.305278', '2020-04-25 10:36:45', '2020-04-25 10:36:45', NULL),
(880, 'Gościno', 17, 3, '54.053611', '15.650556', '2020-04-25 10:36:45', '2020-04-25 10:36:45', NULL),
(881, 'Trzcińsko-Zdrój', 17, 3, '52.966667', '14.616667', '2020-04-25 10:36:45', '2020-04-25 10:36:45', NULL),
(882, 'Police, West Pomeranian Voivodeship', 17, 3, '53.533333', '14.566667', '2020-04-25 10:36:45', '2020-04-25 10:36:45', NULL),
(883, 'Suchań', 17, 3, '53.278611', '15.324722', '2020-04-25 10:36:45', '2020-04-25 10:36:45', NULL),
(884, 'Gryfino', 17, 3, '53.250000', '14.483333', '2020-04-25 10:36:45', '2020-04-25 10:36:45', NULL),
(885, 'Pyrzyce', 17, 3, '53.133333', '14.883333', '2020-04-25 10:36:45', '2020-04-25 10:36:45', NULL),
(886, 'Trzebiatów', 17, 3, '54.057222', '15.278611', '2020-04-25 10:36:45', '2020-04-25 10:36:45', NULL),
(887, 'Sławno', 17, 3, '54.366667', '16.683333', '2020-04-25 10:36:45', '2020-04-25 10:36:45', NULL),
(888, 'Sianów', 17, 3, '54.230278', '16.297500', '2020-04-25 10:36:45', '2020-04-25 10:36:45', NULL),
(889, 'Maszewo', 17, 3, '53.483333', '15.066667', '2020-04-25 10:36:45', '2020-04-25 10:36:45', NULL),
(890, 'Złocieniec', 17, 3, '53.526944', '16.012222', '2020-04-25 10:36:45', '2020-04-25 10:36:45', NULL),
(891, 'Karlino', 17, 3, '54.039167', '15.878611', '2020-04-25 10:36:45', '2020-04-25 10:36:45', NULL),
(892, 'Wolin (town)', 17, 3, '53.843056', '14.612500', '2020-04-25 10:36:45', '2020-04-25 10:36:45', NULL),
(893, 'Świdwin', 17, 3, '53.783333', '15.766667', '2020-04-25 10:36:45', '2020-04-25 10:36:45', NULL),
(894, 'Międzywodzie', 17, 3, '54.005556', '14.696944', '2020-04-25 10:36:45', '2020-04-25 10:36:45', NULL),
(895, 'Moryń', 17, 3, '52.859444', '14.393611', '2020-04-25 10:36:45', '2020-04-25 10:36:45', NULL),
(896, 'Czaplinek', 17, 3, '53.550000', '16.233333', '2020-04-25 10:36:45', '2020-04-25 10:36:45', NULL),
(897, 'Połczyn-Zdrój', 17, 3, '53.766667', '16.100000', '2020-04-25 10:36:45', '2020-04-25 10:36:45', NULL),
(898, 'Chojna', 17, 3, '52.966667', '14.416667', '2020-04-25 10:36:45', '2020-04-25 10:36:45', NULL),
(899, 'Międzyzdroje', 17, 3, '53.926944', '14.450556', '2020-04-25 10:36:45', '2020-04-25 10:36:45', NULL),
(900, 'Kalisz Pomorski', 17, 3, '53.283333', '15.900000', '2020-04-25 10:36:45', '2020-04-25 10:36:45', NULL),
(901, 'Łobez', 17, 3, '53.633333', '15.616667', '2020-04-25 10:36:45', '2020-04-25 10:36:45', NULL),
(902, 'Płoty', 17, 3, '53.808056', '15.264722', '2020-04-25 10:36:45', '2020-04-25 10:36:45', NULL),
(903, 'Golczewo', 17, 3, '53.826111', '14.981944', '2020-04-25 10:36:45', '2020-04-25 10:36:45', NULL),
(904, 'Drawsko Pomorskie', 17, 3, '53.533333', '15.800000', '2020-04-25 10:36:45', '2020-04-25 10:36:45', NULL),
(905, 'Stargard', 17, 3, '53.333333', '15.033333', '2020-04-25 10:36:45', '2020-04-25 10:36:45', NULL),
(906, 'Mirosławiec', 17, 3, '53.343889', '16.087222', '2020-04-25 10:36:45', '2020-04-25 10:36:45', NULL),
(907, 'Cedynia', 17, 3, '52.883333', '14.200000', '2020-04-25 10:36:45', '2020-04-25 10:36:45', NULL),
(908, 'Gryfice', 17, 3, '53.914722', '15.198611', '2020-04-25 10:36:45', '2020-04-25 10:36:45', NULL),
(909, 'Świnoujście', 17, 3, '53.916667', '14.250000', '2020-04-25 10:36:46', '2020-04-25 10:36:46', NULL),
(910, 'Białogard', 17, 3, '54.000000', '15.983333', '2020-04-25 10:36:46', '2020-04-25 10:36:46', NULL),
(911, 'Człopa', 17, 3, '53.083333', '16.133333', '2020-04-25 10:36:46', '2020-04-25 10:36:46', NULL),
(912, 'Recz', 17, 3, '53.262222', '15.547222', '2020-04-25 10:36:46', '2020-04-25 10:36:46', NULL),
(913, 'Barwice', 17, 3, '53.733333', '16.350000', '2020-04-25 10:36:46', '2020-04-25 10:36:46', NULL),
(914, 'Koszalin', 17, 3, '54.200000', '16.183333', '2020-04-25 10:36:46', '2020-04-25 10:36:46', NULL),
(915, 'Tuczno', 17, 3, '53.183333', '16.133333', '2020-04-25 10:36:46', '2020-04-25 10:36:46', NULL),
(916, 'Biały Bór', 17, 3, '53.898611', '16.837778', '2020-04-25 10:36:46', '2020-04-25 10:36:46', NULL),
(917, 'Dobra, Łobez County', 17, 3, '53.583333', '15.305556', '2020-04-25 10:36:46', '2020-04-25 10:36:46', NULL),
(918, 'Węgorzyno', 17, 3, '53.538889', '15.562778', '2020-04-25 10:36:46', '2020-04-25 10:36:46', NULL),
(919, 'Szczecin', 17, 3, '53.432500', '14.548056', '2020-04-25 10:36:46', '2020-04-25 10:36:46', NULL),
(920, 'Choszczno', 17, 3, '53.166667', '15.400000', '2020-04-25 10:36:46', '2020-04-25 10:36:46', NULL),
(921, 'Goleniów', 17, 3, '53.563611', '14.828056', '2020-04-25 10:36:46', '2020-04-25 10:36:46', NULL),
(922, 'Kamień Pomorski', 17, 3, '53.969722', '14.785833', '2020-04-25 10:36:46', '2020-04-25 10:36:46', NULL),
(923, 'Drawno', 17, 3, '53.216667', '15.750000', '2020-04-25 10:36:46', '2020-04-25 10:36:46', NULL),
(924, 'Nowe Warpno', 17, 3, '53.716667', '14.266667', '2020-04-25 10:36:46', '2020-04-25 10:36:46', NULL),
(925, 'Darłowo', 17, 3, '54.420833', '16.409722', '2020-04-25 10:36:46', '2020-04-25 10:36:46', NULL),
(926, 'Resko', 17, 3, '53.800000', '15.400000', '2020-04-25 10:36:46', '2020-04-25 10:36:46', NULL),
(927, 'Wałcz', 17, 3, '53.266667', '16.466667', '2020-04-25 10:36:46', '2020-04-25 10:36:46', NULL),
(928, 'Barlinek', 17, 3, '53.000000', '15.200000', '2020-04-25 10:36:46', '2020-04-25 10:36:46', NULL),
(929, 'Kołobrzeg', 17, 3, '54.166667', '15.566667', '2020-04-25 10:36:46', '2020-04-25 10:36:46', NULL),
(930, 'Bobolice', 17, 3, '53.950000', '16.583333', '2020-04-25 10:36:46', '2020-04-25 10:36:46', NULL),
(931, 'Myślibórz', 17, 3, '52.933333', '14.866667', '2020-04-25 10:36:46', '2020-04-25 10:36:46', NULL),
(932, 'Chociwel', 17, 3, '53.466111', '15.339722', '2020-04-25 10:36:46', '2020-04-25 10:36:46', NULL);

-- --------------------------------------------------------

--
-- Table structure for table `location_level`
--

DROP TABLE IF EXISTS `location_level`;
CREATE TABLE IF NOT EXISTS `location_level` (
  `id` int(11) NOT NULL AUTO_INCREMENT,
  `name` varchar(256) NOT NULL,
  `created_at` datetime DEFAULT NULL,
  `updated_at` datetime DEFAULT NULL,
  `deleted_at` datetime DEFAULT NULL,
  PRIMARY KEY (`id`)
) ENGINE=InnoDB AUTO_INCREMENT=4 DEFAULT CHARSET=utf8;

--
-- Dumping data for table `location_level`
--

INSERT INTO `location_level` (`id`, `name`, `created_at`, `updated_at`, `deleted_at`) VALUES
(1, 'country', NULL, NULL, NULL),
(2, 'province', NULL, NULL, NULL),
(3, 'town', NULL, NULL, NULL);

-- --------------------------------------------------------

--
-- Table structure for table `login_attempts`
--

DROP TABLE IF EXISTS `login_attempts`;
CREATE TABLE IF NOT EXISTS `login_attempts` (
  `id` int(11) UNSIGNED NOT NULL AUTO_INCREMENT,
  `ip_address` varchar(45) NOT NULL,
  `login` varchar(100) NOT NULL,
  `time` int(11) UNSIGNED DEFAULT NULL,
  PRIMARY KEY (`id`)
) ENGINE=InnoDB AUTO_INCREMENT=4 DEFAULT CHARSET=utf8;

-- --------------------------------------------------------

--
-- Table structure for table `mail_settings`
--

DROP TABLE IF EXISTS `mail_settings`;
CREATE TABLE IF NOT EXISTS `mail_settings` (
  `id` int(11) NOT NULL AUTO_INCREMENT,
  `name` varchar(256) NOT NULL,
  `SMTP_user` varchar(256) NOT NULL,
  `SMTP_pass` varchar(256) NOT NULL,
  `SMTP_host` varchar(256) NOT NULL,
  `SMTP_crypto` varchar(100) NOT NULL,
  `SMTP_port` varchar(20) NOT NULL,
  PRIMARY KEY (`id`)
) ENGINE=InnoDB AUTO_INCREMENT=2 DEFAULT CHARSET=utf8;

-- --------------------------------------------------------

--
-- Table structure for table `notification`
--

DROP TABLE IF EXISTS `notification`;
CREATE TABLE IF NOT EXISTS `notification` (
  `id` int(11) NOT NULL AUTO_INCREMENT,
  `notification_type_id` int(11) NOT NULL,
  `user_to` int(11) NOT NULL,
  `user_from` int(11) NOT NULL,
  `post_id` int(11) DEFAULT NULL,
  `comment_id` int(11) DEFAULT NULL,
  `is_read` tinyint(4) NOT NULL DEFAULT 0,
  `created_at` datetime DEFAULT NULL,
  `updated_at` datetime DEFAULT NULL,
  `deleted_at` datetime DEFAULT NULL,
  PRIMARY KEY (`id`)
) ENGINE=InnoDB AUTO_INCREMENT=3 DEFAULT CHARSET=utf8;

-- --------------------------------------------------------

--
-- Table structure for table `notification_type`
--

DROP TABLE IF EXISTS `notification_type`;
CREATE TABLE IF NOT EXISTS `notification_type` (
  `id` int(11) NOT NULL AUTO_INCREMENT,
  `name` varchar(50) NOT NULL,
  `content` varchar(256) NOT NULL,
  `url` varchar(256) NOT NULL,
  `options` varchar(256) NOT NULL,
  PRIMARY KEY (`id`)
) ENGINE=InnoDB AUTO_INCREMENT=9 DEFAULT CHARSET=utf8;

--
-- Dumping data for table `notification_type`
--

INSERT INTO `notification_type` (`id`, `name`, `content`, `url`, `options`) VALUES
(1, 'post', '%s write a post.', '/home/post/%s', 'post_id'),
(2, 'comment_on_post', '%s commented on your post.', '/home/post/%s/%s#comment_%s', 'post_id,comment_id,comment_id'),
(3, 'comment_on_comment', '%s replied on your comment in a post.', '/home/post/%s/%s#comment_%s', 'post_id,comment_id,comment_id'),
(4, 'like_on_post', '%s liked your post.', '/home/post/%s', 'post_id'),
(5, 'like_on_comment', '%s liked your reply on a post.', '/home/post/%s/%s#comment_%s', 'post_id,comment_id,comment_id'),
(6, 'tag_on_post', '%s tagged you on a post.', '/home/post/%s', 'post_id'),
(7, 'tag_on_comment', '%s tagged you on a comment in a post.', '/home/post/%s/%s#comment_%s', 'post_id,comment_id,comment_id'),
(8, 'follow', '%s follows you.', '/home/user/%s', 'user_from');

-- --------------------------------------------------------

--
-- Table structure for table `pengurus`
--

DROP TABLE IF EXISTS `pengurus`;
CREATE TABLE IF NOT EXISTS `pengurus` (
  `id` int(11) NOT NULL AUTO_INCREMENT,
  `user_id` int(11) NOT NULL,
  `jabatan_id` int(11) NOT NULL,
  `kepengurusan_id` int(11) NOT NULL,
  `is_active` tinyint(4) NOT NULL,
  `created_at` datetime DEFAULT NULL,
  `updated_at` datetime DEFAULT NULL,
  `deleted_at` datetime DEFAULT NULL,
  PRIMARY KEY (`id`)
) ENGINE=InnoDB AUTO_INCREMENT=5 DEFAULT CHARSET=utf8;

-- --------------------------------------------------------

--
-- Table structure for table `post`
--

DROP TABLE IF EXISTS `post`;
CREATE TABLE IF NOT EXISTS `post` (
  `id` int(11) NOT NULL AUTO_INCREMENT,
  `user_id` int(11) NOT NULL,
  `content` text NOT NULL,
  `created_at` datetime DEFAULT NULL,
  `updated_at` datetime DEFAULT NULL,
  `deleted_at` datetime DEFAULT NULL,
  PRIMARY KEY (`id`)
) ENGINE=InnoDB AUTO_INCREMENT=12 DEFAULT CHARSET=utf8;

-- --------------------------------------------------------

--
-- Table structure for table `post_attachment`
--

DROP TABLE IF EXISTS `post_attachment`;
CREATE TABLE IF NOT EXISTS `post_attachment` (
  `id` int(11) NOT NULL AUTO_INCREMENT,
  `post_id` int(11) NOT NULL,
  `name` varchar(256) NOT NULL,
  PRIMARY KEY (`id`)
) ENGINE=InnoDB AUTO_INCREMENT=6 DEFAULT CHARSET=utf8;

-- --------------------------------------------------------

--
-- Table structure for table `post_comment`
--

DROP TABLE IF EXISTS `post_comment`;
CREATE TABLE IF NOT EXISTS `post_comment` (
  `id` int(11) NOT NULL AUTO_INCREMENT,
  `post_id` int(11) NOT NULL,
  `user_id` int(11) NOT NULL,
  `comment` text NOT NULL,
  `created_at` datetime DEFAULT NULL,
  `updated_at` datetime DEFAULT NULL,
  `deleted_at` datetime DEFAULT NULL,
  PRIMARY KEY (`id`)
) ENGINE=InnoDB AUTO_INCREMENT=12 DEFAULT CHARSET=utf8;

-- --------------------------------------------------------

--
-- Table structure for table `post_follow`
--

DROP TABLE IF EXISTS `post_follow`;
CREATE TABLE IF NOT EXISTS `post_follow` (
  `id` int(11) NOT NULL AUTO_INCREMENT,
  `user_id` int(11) NOT NULL,
  `post_id` int(11) NOT NULL,
  PRIMARY KEY (`id`)
) ENGINE=InnoDB DEFAULT CHARSET=utf8;

-- --------------------------------------------------------

--
-- Table structure for table `post_likes`
--

DROP TABLE IF EXISTS `post_likes`;
CREATE TABLE IF NOT EXISTS `post_likes` (
  `id` int(11) NOT NULL AUTO_INCREMENT,
  `post_id` int(11) NOT NULL,
  `user_id` int(11) NOT NULL,
  PRIMARY KEY (`id`)
) ENGINE=InnoDB DEFAULT CHARSET=utf8;

-- --------------------------------------------------------

--
-- Table structure for table `student`
--

DROP TABLE IF EXISTS `student`;
CREATE TABLE IF NOT EXISTS `student` (
  `id` int(11) NOT NULL AUTO_INCREMENT,
  `user_id` int(11) NOT NULL,
  `university_id` int(11) DEFAULT NULL,
  `major` varchar(256) DEFAULT NULL,
  `location_id` int(11) DEFAULT NULL,
  `start_date` date DEFAULT NULL,
  `end_date` date DEFAULT NULL,
  `student_status_id` tinyint(4) DEFAULT NULL,
  `created_at` datetime DEFAULT NULL,
  `updated_at` datetime DEFAULT NULL,
  `deleted_at` datetime DEFAULT NULL,
  PRIMARY KEY (`id`)
) ENGINE=InnoDB AUTO_INCREMENT=4 DEFAULT CHARSET=utf8;

-- --------------------------------------------------------

--
-- Table structure for table `student_additional_info`
--

DROP TABLE IF EXISTS `student_additional_info`;
CREATE TABLE IF NOT EXISTS `student_additional_info` (
  `id` int(11) NOT NULL AUTO_INCREMENT,
  `user_id` int(11) NOT NULL,
  `field_id` int(11) NOT NULL,
  `content` text NOT NULL,
  `is_public` tinyint(4) NOT NULL,
  `created_at` datetime DEFAULT NULL,
  `updated_at` datetime DEFAULT NULL,
  `deleted_at` datetime DEFAULT NULL,
  PRIMARY KEY (`id`)
) ENGINE=InnoDB DEFAULT CHARSET=utf8;

-- --------------------------------------------------------

--
-- Table structure for table `student_additional_info_field`
--

DROP TABLE IF EXISTS `student_additional_info_field`;
CREATE TABLE IF NOT EXISTS `student_additional_info_field` (
  `id` int(11) NOT NULL AUTO_INCREMENT,
  `name` varchar(256) NOT NULL,
  `label` varchar(256) NOT NULL,
  `type_id` int(11) NOT NULL,
  `created_at` datetime DEFAULT NULL,
  `updated_at` datetime DEFAULT NULL,
  `deleted_at` datetime DEFAULT NULL,
  PRIMARY KEY (`id`),
  UNIQUE KEY `name` (`name`)
) ENGINE=InnoDB AUTO_INCREMENT=3 DEFAULT CHARSET=utf8;

-- --------------------------------------------------------

--
-- Table structure for table `student_photo`
--

DROP TABLE IF EXISTS `student_photo`;
CREATE TABLE IF NOT EXISTS `student_photo` (
  `id` int(11) NOT NULL AUTO_INCREMENT,
  `user_id` int(11) NOT NULL,
  `name` varchar(256) NOT NULL,
  `created_at` datetime DEFAULT NULL,
  `updated_at` datetime DEFAULT NULL,
  `deleted_at` datetime DEFAULT NULL,
  PRIMARY KEY (`id`),
  UNIQUE KEY `user_id` (`user_id`)
) ENGINE=InnoDB AUTO_INCREMENT=3 DEFAULT CHARSET=utf8;

-- --------------------------------------------------------

--
-- Table structure for table `student_status`
--

DROP TABLE IF EXISTS `student_status`;
CREATE TABLE IF NOT EXISTS `student_status` (
  `id` int(11) NOT NULL AUTO_INCREMENT,
  `name` varchar(100) NOT NULL,
  `description` varchar(100) NOT NULL,
  `created_at` datetime DEFAULT NULL,
  `updated_at` datetime DEFAULT NULL,
  `deleted_at` datetime DEFAULT NULL,
  PRIMARY KEY (`id`)
) ENGINE=InnoDB AUTO_INCREMENT=5 DEFAULT CHARSET=utf8;

-- --------------------------------------------------------

--
-- Table structure for table `university`
--

DROP TABLE IF EXISTS `university`;
CREATE TABLE IF NOT EXISTS `university` (
  `id` int(11) NOT NULL AUTO_INCREMENT,
  `name` varchar(256) NOT NULL,
  `type` varchar(256) NOT NULL,
  `profile` text NOT NULL,
  `website` varchar(256) NOT NULL,
  `region` varchar(256) NOT NULL,
  `latlang` varchar(256) NOT NULL,
  `created_at` datetime DEFAULT NULL,
  `updated_at` datetime DEFAULT NULL,
  `deleted_at` datetime DEFAULT NULL,
  PRIMARY KEY (`id`)
) ENGINE=InnoDB AUTO_INCREMENT=168 DEFAULT CHARSET=utf8;

--
-- Dumping data for table `university`
--

INSERT INTO `university` (`id`, `name`, `type`, `profile`, `website`, `region`, `latlang`, `created_at`, `updated_at`, `deleted_at`) VALUES
(1, 'Adam Mickiewicz University', 'Public University', 'Adam Mickiewicz University in Poznań is the major academic institution in Poznań and one of the top Polish universities. Its reputation is founded on tradition, the outstanding achievements of the faculty and the attractive curriculum offered to students.\r\nIn addition to its facilities in Poznań, it has campuses in Gniezno, Kalisz, Piła and Słubice/Franfurt-Oder. \r\nStudents may choose between 180 possible professional specialisations. In recent years the educational offer has become increasingly diverse. New educational projects include: integrated studies in humanities, natural sciences, social sciences, and program carried out in cooperation with other institutions both in Poland and abroad.', 'http://www.amu.edu.pl/', 'Wielkopolskie', '', '2020-04-19 00:00:00', '2020-04-24 05:43:08', NULL),
(2, 'Cardinal Stefan Wyszyński University', 'Public University', 'The Cardinal Wyszyński University in Warsawhas been one of the most frequently chosen public universities in Poland. At present, there are 16 000 students studyingat 10 faculties. The University offers studies in Humanities as well as in Science. Students can choose from a wide scope of degree programmes. The University also participates in many scholarship programmes. Since 2000, it has been participating in the ERASMUS programme, and since 2014 in the ERASMUS +, offering opportunities for studying abroad. Students also have the possibility to be awarded national scholarships at 19 Polish universities in the MOST student mobility programme.', 'http://www.uksw.edu.pl/en/', 'Mazowieckie', '', '2020-04-19 00:00:00', NULL, NULL),
(3, 'Jagiellonian University', 'Public University', 'The Jagiellonian University has excellent world-class research centres: Małopolska Center of Biotechnology, Solaris Synchrotron, The Jagiellonian Centre for Experimental Therapeutics, CITTRU, OMICRON, Copernicus Center for Interdisciplinary Studies, Life Science Park', 'http://www.uj.edu.pl/en_GB/', 'Małopolskie', '', '2020-04-19 00:00:00', NULL, NULL),
(4, 'Jan Kochanowski University', 'Public University', 'The Jan Kochanowski University (JKU) in Kielce is the only university in the Holy Cross region, and one of the twenty universities in Poland.\r\nIt provides a workplace for 1,479 persons, including 897 academic teachers, 222 of whom have the title of professor or a postdoctoral degree, and 445 persons have a doctoral degree. The university has the right to confer doctoral degrees in 11 disciplines and a postdoctoral degree in 2 disciplines.\r\nHigher education is provided for 14,316 students, 228 doctoral students. The educational offer includes 37 fields of study in first-cycle programmes and 23 fields of study in second-cycle programmes, doctoral programmes in 9 fields of study and the right to confer doctoral degrees in 11 fields of studies.', 'http://www.ujk.edu.pl/', 'Świętokrzyskie', '', '2020-04-19 00:00:00', NULL, NULL),
(5, 'Jan Dlugosz University in Czestochowa', '', '', '', '', '', '2020-04-19 10:41:13', '2020-04-19 10:41:13', NULL),
(6, 'John Paul II Catholic University of Lublin', '', '', '', '', '', '2020-04-19 10:41:13', '2020-04-19 10:41:13', NULL),
(7, 'Kazimierz Wielki University in Bydgoszcz', '', '', '', '', '', '2020-04-19 10:41:13', '2020-04-19 10:41:13', NULL),
(8, 'Maria Curie-Skłodowska University', '', '', '', '', '', '2020-04-19 10:41:13', '2020-04-19 10:41:13', NULL),
(9, 'Nicolaus Copernicus University in Torun', '', '', '', '', '', '2020-04-19 10:41:13', '2020-04-19 10:41:13', NULL),
(10, 'University of Białystok', '', '', '', '', '', '2020-04-19 10:41:13', '2020-04-19 10:41:13', NULL),
(11, 'University of Gdansk', '', '', '', '', '', '2020-04-19 10:41:13', '2020-04-19 10:41:13', NULL),
(12, 'University of Lodz', '', '', '', '', '', '2020-04-19 10:41:13', '2020-04-19 10:41:13', NULL),
(13, 'University of Opole', '', '', '', '', '', '2020-04-19 10:41:13', '2020-04-19 10:41:13', NULL),
(14, 'University of Rzeszów', '', '', '', '', '', '2020-04-19 10:41:13', '2020-04-19 10:41:13', NULL),
(15, 'University of Silesia in Katowice', '', '', '', '', '', '2020-04-19 10:41:13', '2020-04-19 10:41:13', NULL),
(16, 'University of Szczecin', '', '', '', '', '', '2020-04-19 10:41:13', '2020-04-19 10:41:13', NULL),
(17, 'University of Warmia and Mazury in Olsztyn', '', '', '', '', '', '2020-04-19 10:41:13', '2020-04-19 10:41:13', NULL),
(18, 'University of Warsaw', '', '', '', '', '', '2020-04-19 10:41:13', '2020-04-19 10:41:13', NULL),
(19, 'University of Wrocław', '', '', '', '', '', '2020-04-19 10:41:13', '2020-04-19 10:41:13', NULL),
(20, 'University of Zielona Góra', '', '', '', '', '', '2020-04-19 10:41:13', '2020-04-19 10:41:13', NULL),
(21, 'AGH University of Science and Technology in Krakow', '', '', '', '', '', '2020-04-19 10:41:13', '2020-04-19 10:41:13', NULL),
(22, 'Bialystok University of Technology', '', '', '', '', '', '2020-04-19 10:41:13', '2020-04-19 10:41:13', NULL),
(23, 'Czestochowa University of Technology', '', '', '', '', '', '2020-04-19 10:41:13', '2020-04-19 10:41:13', NULL),
(24, 'Gdansk University of Technology', '', '', '', '', '', '2020-04-19 10:41:13', '2020-04-19 10:41:13', NULL),
(25, 'Kazimierz Pułaski Technical University of Radom', '', '', '', '', '', '2020-04-19 10:41:13', '2020-04-19 10:41:13', NULL),
(26, 'Kielce University of Technology', '', '', '', '', '', '2020-04-19 10:41:13', '2020-04-19 10:41:13', NULL),
(27, 'Koszalin University of Technology', '', '', '', '', '', '2020-04-19 10:41:13', '2020-04-19 10:41:13', NULL),
(28, 'Lodz University of Technology', '', '', '', '', '', '2020-04-19 10:41:13', '2020-04-19 10:41:13', NULL),
(29, 'Lublin University of Technology', '', '', '', '', '', '2020-04-19 10:41:13', '2020-04-19 10:41:13', NULL),
(30, 'Opole University of Technology', '', '', '', '', '', '2020-04-19 10:41:13', '2020-04-19 10:41:13', NULL),
(31, 'Poznan University of Technology', '', '', '', '', '', '2020-04-19 10:41:13', '2020-04-19 10:41:13', NULL),
(32, 'Rzeszow University of Technology', '', '', '', '', '', '2020-04-19 10:41:13', '2020-04-19 10:41:13', NULL),
(33, 'Silesian University of Technology in Gliwice', '', '', '', '', '', '2020-04-19 10:41:13', '2020-04-19 10:41:13', NULL),
(34, 'Tadeusz Kosciuszko Cracow University of Technology', '', '', '', '', '', '2020-04-19 10:41:13', '2020-04-19 10:41:13', NULL),
(35, 'University of Bielsko-Biala', '', '', '', '', '', '2020-04-19 10:41:13', '2020-04-19 10:41:13', NULL),
(36, 'Warsaw University of Technology', '', '', '', '', '', '2020-04-19 10:41:13', '2020-04-19 10:41:13', NULL),
(37, 'West Pomeranian University of Technology in Szczecin', '', '', '', '', '', '2020-04-19 10:41:13', '2020-04-19 10:41:13', NULL),
(38, 'Wrocław University of Technology', '', '', '', '', '', '2020-04-19 10:41:13', '2020-04-19 10:41:13', NULL),
(39, 'Jagiellonian University Medical College in Krakow', '', '', '', '', '', '2020-04-19 10:41:13', '2020-04-19 10:41:13', NULL),
(40, 'Medical University of Bialystok', '', '', '', '', '', '2020-04-19 10:41:13', '2020-04-19 10:41:13', NULL),
(41, 'Medical University of Gdansk', '', '', '', '', '', '2020-04-19 10:41:13', '2020-04-19 10:41:13', NULL),
(42, 'Medical University of Lodz', '', '', '', '', '', '2020-04-19 10:41:13', '2020-04-19 10:41:13', NULL),
(43, 'Medical University of Lublin', '', '', '', '', '', '2020-04-19 10:41:13', '2020-04-19 10:41:13', NULL),
(44, 'Medical University of Silesia', '', '', '', '', '', '2020-04-19 10:41:13', '2020-04-19 10:41:13', NULL),
(45, 'Medical University of Warsaw', '', '', '', '', '', '2020-04-19 10:41:13', '2020-04-19 10:41:13', NULL),
(46, 'Nicolaus Copernicus University – Ludwik Rydygier Collegium Medicum in Bydgoszcz', '', '', '', '', '', '2020-04-19 10:41:13', '2020-04-19 10:41:13', NULL),
(47, 'Pomeranian Medical University in Szczecin', '', '', '', '', '', '2020-04-19 10:41:13', '2020-04-19 10:41:13', NULL),
(48, 'Poznan University of Medical Sciences', '', '', '', '', '', '2020-04-19 10:41:13', '2020-04-19 10:41:13', NULL),
(49, 'Wroclaw Medical University', '', '', '', '', '', '2020-04-19 10:41:13', '2020-04-19 10:41:13', NULL),
(50, 'University of Warmia and Mazury in Olsztyn, Faculty of Medical Sciences', '', '', '', '', '', '2020-04-19 10:41:13', '2020-04-19 10:41:13', NULL),
(51, 'Cracow University of Economics', '', '', '', '', '', '2020-04-19 10:41:13', '2020-04-19 10:41:13', NULL),
(52, 'Poznan University of Economics and Business', '', '', '', '', '', '2020-04-19 10:41:13', '2020-04-19 10:41:13', NULL),
(53, 'University of Economics in Katowice', '', '', '', '', '', '2020-04-19 10:41:13', '2020-04-19 10:41:13', NULL),
(54, 'Warsaw School of Economics', '', '', '', '', '', '2020-04-19 10:41:13', '2020-04-19 10:41:13', NULL),
(55, 'Wroclaw University of Economics', '', '', '', '', '', '2020-04-19 10:41:13', '2020-04-19 10:41:13', NULL),
(56, 'Poznań University of Life Sciences', '', '', '', '', '', '2020-04-19 10:41:13', '2020-04-19 10:41:13', NULL),
(57, 'University of Agriculture in Krakow', '', '', '', '', '', '2020-04-19 10:41:13', '2020-04-19 10:41:13', NULL),
(58, 'University of Life Sciences in Lublin', '', '', '', '', '', '2020-04-19 10:41:13', '2020-04-19 10:41:13', NULL),
(59, 'University of Technology and Life Sciences in Bydgoszcz', '', '', '', '', '', '2020-04-19 10:41:13', '2020-04-19 10:41:13', NULL),
(60, 'Warsaw University of Life Sciences – SGGW', '', '', '', '', '', '2020-04-19 10:41:13', '2020-04-19 10:41:13', NULL),
(61, 'Wrocław University of Environmental and Life Sciences', '', '', '', '', '', '2020-04-19 10:41:13', '2020-04-19 10:41:13', NULL),
(62, 'Jan Długosz University in Częstochowa', '', '', '', '', '', '2020-04-19 10:41:13', '2020-04-19 10:41:13', NULL),
(63, 'The Maria Grzegorzewska University', '', '', '', '', '', '2020-04-19 10:41:13', '2020-04-19 10:41:13', NULL),
(64, 'Pedagogical University of Cracow', '', '', '', '', '', '2020-04-19 10:41:13', '2020-04-19 10:41:13', NULL),
(65, 'Pomeranian University in Słupsk', '', '', '', '', '', '2020-04-19 10:41:13', '2020-04-19 10:41:13', NULL),
(66, 'Siedlce University of Natural Sciences and Humanities', '', '', '', '', '', '2020-04-19 10:41:13', '2020-04-19 10:41:13', NULL),
(67, 'Academy of Art in Szczecin', '', '', '', '', '', '2020-04-19 10:41:13', '2020-04-19 10:41:13', NULL),
(68, 'Academy of Fine Arts in Gdansk', '', '', '', '', '', '2020-04-19 10:41:13', '2020-04-19 10:41:13', NULL),
(69, 'Academy of Fine Arts in Katowice', '', '', '', '', '', '2020-04-19 10:41:13', '2020-04-19 10:41:13', NULL),
(70, 'Academy of Fine Arts in Warsaw', '', '', '', '', '', '2020-04-19 10:41:13', '2020-04-19 10:41:13', NULL),
(71, 'Academy of Music in Kraków', '', '', '', '', '', '2020-04-19 10:41:13', '2020-04-19 10:41:13', NULL),
(72, 'Aleksander Zelwerowicz State Theatre Academy in Warsaw', '', '', '', '', '', '2020-04-19 10:41:13', '2020-04-19 10:41:13', NULL),
(73, 'Eugeniusz Geppert Academy of Fine Arts in Wrocław', '', '', '', '', '', '2020-04-19 10:41:13', '2020-04-19 10:41:13', NULL),
(74, 'Feliks Nowowiejski Academy of Music in Bydgoszcz', '', '', '', '', '', '2020-04-19 10:41:13', '2020-04-19 10:41:13', NULL),
(75, 'Frideric Chopin University of Music', '', '', '', '', '', '2020-04-19 10:41:13', '2020-04-19 10:41:13', NULL),
(76, 'Grazyna and Kiejstut Bacewicz Academy of Music in Łódź', '', '', '', '', '', '2020-04-19 10:41:13', '2020-04-19 10:41:13', NULL),
(77, 'Ignacy Jan Paderewski Academy of Music in Poznań', '', '', '', '', '', '2020-04-19 10:41:13', '2020-04-19 10:41:13', NULL),
(78, 'Jan Matejko Academy of Fine Art in Krakow', '', '', '', '', '', '2020-04-19 10:41:13', '2020-04-19 10:41:13', NULL),
(79, 'Karol Lipiński Academy of Music in Wrocław', '', '', '', '', '', '2020-04-19 10:41:13', '2020-04-19 10:41:13', NULL),
(80, 'Karol Szymanowski Academy of Music in Katowice', '', '', '', '', '', '2020-04-19 10:41:13', '2020-04-19 10:41:13', NULL),
(81, 'Ludwik Solski State Drama School in Cracow', '', '', '', '', '', '2020-04-19 10:41:13', '2020-04-19 10:41:13', NULL),
(82, 'Polish National Film, Television And Theatre School in Łódź', '', '', '', '', '', '2020-04-19 10:41:13', '2020-04-19 10:41:13', NULL),
(83, 'Stanisław Moniuszko Academy of Music in Gdansk', '', '', '', '', '', '2020-04-19 10:41:13', '2020-04-19 10:41:13', NULL),
(84, 'Strzemiński Academy of Art Łódź', '', '', '', '', '', '2020-04-19 10:41:13', '2020-04-19 10:41:13', NULL),
(85, 'University of Arts in Poznań', '', '', '', '', '', '2020-04-19 10:41:13', '2020-04-19 10:41:13', NULL),
(86, 'Jerzy Kukuczka Academy of Physical Education in Katowice', '', '', '', '', '', '2020-04-19 10:41:13', '2020-04-19 10:41:13', NULL),
(87, 'Jędrzej Śniadecki Academy of Physical Education and Sport in Gdańsk', '', '', '', '', '', '2020-04-19 10:41:13', '2020-04-19 10:41:13', NULL),
(88, 'Józef Piłsudski University of Physical Education in Warsaw', '', '', '', '', '', '2020-04-19 10:41:13', '2020-04-19 10:41:13', NULL),
(89, 'University School of Physical Education in Krakow', '', '', '', '', '', '2020-04-19 10:41:13', '2020-04-19 10:41:13', NULL),
(90, 'University School of Physical Education in Poznan', '', '', '', '', '', '2020-04-19 10:41:13', '2020-04-19 10:41:13', NULL),
(91, 'University School of Physical Education in Wroclaw', '', '', '', '', '', '2020-04-19 10:41:13', '2020-04-19 10:41:13', NULL),
(92, 'Gdynia Maritime University', '', '', '', '', '', '2020-04-19 10:41:13', '2020-04-19 10:41:13', NULL),
(93, 'Maritime University of Szczecin', '', '', '', '', '', '2020-04-19 10:41:13', '2020-04-19 10:41:13', NULL),
(94, 'General Tadeusz Kosciuszko Military Academy of Land Forces in Wrocław', '', '', '', '', '', '2020-04-19 10:41:13', '2020-04-19 10:41:13', NULL),
(95, 'Military University of Technology', '', '', '', '', '', '2020-04-19 10:41:13', '2020-04-19 10:41:13', NULL),
(96, 'National Defence University in Warsaw', '', '', '', '', '', '2020-04-19 10:41:13', '2020-04-19 10:41:13', NULL),
(97, 'Polish Air Force Academy in Dęblin', '', '', '', '', '', '2020-04-19 10:41:13', '2020-04-19 10:41:13', NULL),
(98, 'Polish Naval Academy in Gdynia', '', '', '', '', '', '2020-04-19 10:41:13', '2020-04-19 10:41:13', NULL),
(99, 'Main School of Fire Service', '', '', '', '', '', '2020-04-19 10:41:13', '2020-04-19 10:41:13', NULL),
(100, 'Police Academy in Szczytno', '', '', '', '', '', '2020-04-19 10:41:13', '2020-04-19 10:41:13', NULL),
(101, 'Angelus Silesius State School of Higher Vocational Education in Wałbrzych', '', '', '', '', '', '2020-04-19 10:41:13', '2020-04-19 10:41:13', NULL),
(102, 'Bronisław Markiewicz State Higher School of Technology and Economics in Jarosław', '', '', '', '', '', '2020-04-19 10:41:13', '2020-04-19 10:41:13', NULL),
(103, 'East State Higher School in Przemyśl', '', '', '', '', '', '2020-04-19 10:41:13', '2020-04-19 10:41:13', NULL),
(104, 'Higher Vocational School in Suwałki', '', '', '', '', '', '2020-04-19 10:41:13', '2020-04-19 10:41:13', NULL),
(105, 'Higher Vocational School in Tarnów', '', '', '', '', '', '2020-04-19 10:41:13', '2020-04-19 10:41:13', NULL),
(106, 'Higher Vocational State School in Włocławek', '', '', '', '', '', '2020-04-19 10:41:13', '2020-04-19 10:41:13', NULL),
(107, 'Jacob of Paradyż State Higher Vocational School in Gorzów Wielkopolski', '', '', '', '', '', '2020-04-19 10:41:13', '2020-04-19 10:41:13', NULL),
(108, 'Jan Amos Komienski State School of Higher Vocational Education in Leszno', '', '', '', '', '', '2020-04-19 10:41:13', '2020-04-19 10:41:13', NULL),
(109, 'Jan Grodek State Vocational Academy in Sanok', '', '', '', '', '', '2020-04-19 10:41:13', '2020-04-19 10:41:13', NULL),
(110, 'Karkonosze State Higher School in Jelenia Góra', '', '', '', '', '', '2020-04-19 10:41:13', '2020-04-19 10:41:13', NULL),
(111, 'Pope John Paul II State School of Higher Education in Biała Podlaska', '', '', '', '', '', '2020-04-19 10:41:13', '2020-04-19 10:41:13', NULL),
(112, 'President Stanislaw Wojciechowski Higher Vocational State School in Kalisz', '', '', '', '', '', '2020-04-19 10:41:13', '2020-04-19 10:41:13', NULL),
(113, 'Prof. Stanislaw Tarnowski Public High Vocational School in Tarnobrzeg', '', '', '', '', '', '2020-04-19 10:41:13', '2020-04-19 10:41:13', NULL),
(114, 'Public Higher Medical Professional School in Opole', '', '', '', '', '', '2020-04-19 10:41:13', '2020-04-19 10:41:13', NULL),
(115, 'School of Higher Vocational Education in Nysa', '', '', '', '', '', '2020-04-19 10:41:13', '2020-04-19 10:41:13', NULL),
(116, 'Stanisław Staszic State School of Higher Vocational Education in Piła', '', '', '', '', '', '2020-04-19 10:41:13', '2020-04-19 10:41:13', NULL),
(117, 'State Higher School of Computer Science &amp; Business Administration in Łomża', '', '', '', '', '', '2020-04-19 10:41:13', '2020-04-19 10:41:13', NULL),
(118, 'State Higher School of Vocational Education in Ciechanów', '', '', '', '', '', '2020-04-19 10:41:13', '2020-04-19 10:41:13', NULL),
(119, 'State Higher School of Vocational Education in Zamość', '', '', '', '', '', '2020-04-19 10:41:13', '2020-04-19 10:41:13', NULL),
(120, 'State Higher Vocational School in Głogów', '', '', '', '', '', '2020-04-19 10:41:13', '2020-04-19 10:41:13', NULL),
(121, 'State Higher Vocational School in Gniezno', '', '', '', '', '', '2020-04-19 10:41:13', '2020-04-19 10:41:13', NULL),
(122, 'State Higher Vocational School in Koszalin', '', '', '', '', '', '2020-04-19 10:41:13', '2020-04-19 10:41:13', NULL),
(123, 'State Higher Vocational School in Krosno', '', '', '', '', '', '2020-04-19 10:41:13', '2020-04-19 10:41:13', NULL),
(124, 'State Higher Vocational School in Nowy Sącz', '', '', '', '', '', '2020-04-19 10:41:13', '2020-04-19 10:41:13', NULL),
(125, 'State Higher Vocational School in Racibórz', '', '', '', '', '', '2020-04-19 10:41:13', '2020-04-19 10:41:13', NULL),
(126, 'State Higher Vocational School in Sandomierz', '', '', '', '', '', '2020-04-19 10:41:13', '2020-04-19 10:41:13', NULL),
(127, 'State Higher Vocational School in Skierniewice', '', '', '', '', '', '2020-04-19 10:41:13', '2020-04-19 10:41:13', NULL),
(128, 'State Higher Vocational School in Sulechów', '', '', '', '', '', '2020-04-19 10:41:13', '2020-04-19 10:41:13', NULL),
(129, 'State Higher Vocational School in Wałcz', '', '', '', '', '', '2020-04-19 10:41:13', '2020-04-19 10:41:13', NULL),
(130, 'State Higher Vocational School of Podhale in Nowy Targ', '', '', '', '', '', '2020-04-19 10:41:13', '2020-04-19 10:41:13', NULL),
(131, 'State School of Higher Education in Chełm', '', '', '', '', '', '2020-04-19 10:41:13', '2020-04-19 10:41:13', NULL),
(132, 'State School of Higher Education in Oświęcim', '', '', '', '', '', '2020-04-19 10:41:13', '2020-04-19 10:41:13', NULL),
(133, 'State School of Higher Professional Education in Elbląg', '', '', '', '', '', '2020-04-19 10:41:13', '2020-04-19 10:41:13', NULL),
(134, 'State School of Higher Professional Education in Konin', '', '', '', '', '', '2020-04-19 10:41:13', '2020-04-19 10:41:13', NULL),
(135, 'State School of Higher Professional Education in Płock', '', '', '', '', '', '2020-04-19 10:41:13', '2020-04-19 10:41:13', NULL),
(136, 'Witelon University of Applied Sciences in Legnica', '', '', '', '', '', '2020-04-19 10:41:13', '2020-04-19 10:41:13', NULL),
(137, 'Christian Theology Academy in Warsaw', '', '', '', '', '', '2020-04-19 10:41:13', '2020-04-19 10:41:13', NULL),
(138, 'Jesuit University Ignatianum in Krakow', '', '', '', '', '', '2020-04-19 10:41:13', '2020-04-19 10:41:13', NULL),
(139, 'Orthodox Theological Seminary', '', '', '', '', '', '2020-04-19 10:41:13', '2020-04-19 10:41:13', NULL),
(140, 'Pontifical Faculty of Theology in Warsaw', '', '', '', '', '', '2020-04-19 10:41:13', '2020-04-19 10:41:13', NULL),
(141, 'Pontifical Faculty of Theology in Wrocław', '', '', '', '', '', '2020-04-19 10:41:13', '2020-04-19 10:41:13', NULL),
(142, 'Pontifical University of John Paul II in Krakow', '', '', '', '', '', '2020-04-19 10:41:13', '2020-04-19 10:41:13', NULL),
(143, 'Academy of Business in Dąbrowa Górnicza', '', '', '', '', '', '2020-04-19 10:41:13', '2020-04-19 10:41:13', NULL),
(144, 'Andrzej Frycz Modrzewski Krakow University', '', '', '', '', '', '2020-04-19 10:41:13', '2020-04-19 10:41:13', NULL),
(145, 'Collegium Civitas', '', '', '', '', '', '2020-04-19 10:41:13', '2020-04-19 10:41:13', NULL),
(146, 'Katowice School of Economics', '', '', '', '', '', '2020-04-19 10:41:13', '2020-04-19 10:41:13', NULL),
(147, 'Kozminski University', '', '', '', '', '', '2020-04-19 10:41:13', '2020-04-19 10:41:13', NULL),
(148, 'Łazarski University <strong>', '', '', '', '', '', '2020-04-19 10:41:13', '2020-04-19 10:41:13', NULL),
(149, 'Pedagogium Higher School of Resocialization Pedagogics in Warsaw', '', '', '', '', '', '2020-04-19 10:41:13', '2020-04-19 10:41:13', NULL),
(150, 'Philological School of Higher Education in Wrocław', '', '', '', '', '', '2020-04-19 10:41:13', '2020-04-19 10:41:13', NULL),
(151, 'Polish-Japanese Institute of Information Technology', '', '', '', '', '', '2020-04-19 10:41:13', '2020-04-19 10:41:13', NULL),
(152, 'Pultusk Academy of Humanities', '', '', '', '', '', '2020-04-19 10:41:13', '2020-04-19 10:41:13', NULL),
(153, 'School of Law and Public Administration in Przemyśl', '', '', '', '', '', '2020-04-19 10:41:13', '2020-04-19 10:41:13', NULL),
(154, 'Silesian School of Economics and Languages', '', '', '', '', '', '2020-04-19 10:41:13', '2020-04-19 10:41:13', NULL),
(155, 'University of Social Sciences', '', '', '', '', '', '2020-04-19 10:41:13', '2020-04-19 10:41:13', NULL),
(156, 'University of Finance and Management in Warsaw', '', '', '', '', '', '2020-04-19 10:41:13', '2020-04-19 10:41:13', NULL),
(157, 'University of Humanities and Economics in Lodz', '', '', '', '', '', '2020-04-19 10:41:13', '2020-04-19 10:41:13', NULL),
(158, 'University of Lower Silesia', '', '', '', '', '', '2020-04-19 10:41:13', '2020-04-19 10:41:13', NULL),
(159, 'University of Social Sciences and Humanities', '', '', '', '', '', '2020-04-19 10:41:13', '2020-04-19 10:41:13', NULL),
(160, 'Vistula University', '', '', '', '', '', '2020-04-19 10:41:13', '2020-04-19 10:41:13', NULL),
(161, 'University of Information Technology and Management in Rzeszow', '', '', '', '', '', '2020-04-19 10:41:13', '2020-04-19 10:41:13', NULL),
(162, 'Sopot University of Applied Sciences', '', '', '', '', '', '2020-04-19 10:41:13', '2020-04-19 10:41:13', NULL),
(163, 'Vincent Pol University in Lublin', '', '', '', '', '', '2020-04-19 10:41:13', '2020-04-19 10:41:13', NULL),
(164, 'University College of Enterprise and Administration in Lublin', '', '', '', '', '', '2020-04-19 10:41:13', '2020-04-19 10:41:13', NULL),
(165, 'University of Economics and Innovation in Lublin, Poland', '', '', '', '', '', '2020-04-19 10:41:13', '2020-04-19 10:41:13', NULL),
(166, 'Warsaw Film School', '', '', '', '', '', '2020-04-19 10:41:13', '2020-04-19 10:41:13', NULL),
(167, 'College of Personnel Management', '', '', '', '', '', '2020-04-19 10:41:13', '2020-04-19 10:41:13', NULL);

-- --------------------------------------------------------

--
-- Table structure for table `users`
--

DROP TABLE IF EXISTS `users`;
CREATE TABLE IF NOT EXISTS `users` (
  `id` int(11) UNSIGNED NOT NULL AUTO_INCREMENT,
  `ip_address` varchar(45) NOT NULL,
  `username` varchar(100) DEFAULT NULL,
  `password` varchar(255) NOT NULL,
  `email` varchar(254) NOT NULL,
  `activation_selector` varchar(255) DEFAULT NULL,
  `activation_code` varchar(255) DEFAULT NULL,
  `forgotten_password_selector` varchar(255) DEFAULT NULL,
  `forgotten_password_code` varchar(255) DEFAULT NULL,
  `forgotten_password_time` int(11) UNSIGNED DEFAULT NULL,
  `remember_selector` varchar(255) DEFAULT NULL,
  `remember_code` varchar(255) DEFAULT NULL,
  `created_on` int(11) UNSIGNED NOT NULL,
  `last_login` int(11) UNSIGNED DEFAULT NULL,
  `active` tinyint(1) UNSIGNED DEFAULT NULL,
  `nickname` varchar(50) DEFAULT NULL,
  `fullname` varchar(100) DEFAULT NULL,
  `company` varchar(100) DEFAULT NULL,
  `phone` varchar(20) DEFAULT NULL,
  PRIMARY KEY (`id`),
  UNIQUE KEY `uc_email` (`email`),
  UNIQUE KEY `uc_activation_selector` (`activation_selector`),
  UNIQUE KEY `uc_forgotten_password_selector` (`forgotten_password_selector`),
  UNIQUE KEY `uc_remember_selector` (`remember_selector`)
) ENGINE=InnoDB AUTO_INCREMENT=7 DEFAULT CHARSET=utf8;

--
-- Dumping data for table `users`
--

INSERT INTO `users` (`id`, `ip_address`, `username`, `password`, `email`, `activation_selector`, `activation_code`, `forgotten_password_selector`, `forgotten_password_code`, `forgotten_password_time`, `remember_selector`, `remember_code`, `created_on`, `last_login`, `active`, `nickname`, `fullname`, `company`, `phone`) VALUES
(1, '127.0.0.1', 'administrator', '$2y$12$ibfgLUqBV3VrUvnVgDPh/etI18MnO1nkbRsve98jxo1Qfw109slIy', 'admin@admin.com', NULL, '', NULL, NULL, NULL, NULL, NULL, 1268889823, 1588260525, 1, 'Admin', 'Administrator', 'ADMIN', '0');

-- --------------------------------------------------------

--
-- Table structure for table `users_groups`
--

DROP TABLE IF EXISTS `users_groups`;
CREATE TABLE IF NOT EXISTS `users_groups` (
  `id` int(11) UNSIGNED NOT NULL AUTO_INCREMENT,
  `user_id` int(11) UNSIGNED NOT NULL,
  `group_id` mediumint(8) UNSIGNED NOT NULL,
  PRIMARY KEY (`id`),
  UNIQUE KEY `uc_users_groups` (`user_id`,`group_id`),
  KEY `fk_users_groups_users1_idx` (`user_id`),
  KEY `fk_users_groups_groups1_idx` (`group_id`)
) ENGINE=InnoDB AUTO_INCREMENT=6 DEFAULT CHARSET=utf8;

--
-- Dumping data for table `users_groups`
--

INSERT INTO `users_groups` (`id`, `user_id`, `group_id`) VALUES
(1, 1, 1),
(2, 1, 2),
(3, 2, 2),
(4, 3, 2),
(5, 4, 2);

-- --------------------------------------------------------

--
-- Table structure for table `user_follow`
--

DROP TABLE IF EXISTS `user_follow`;
CREATE TABLE IF NOT EXISTS `user_follow` (
  `id` int(11) NOT NULL AUTO_INCREMENT,
  `user_id` int(11) NOT NULL,
  `follow` int(11) NOT NULL,
  PRIMARY KEY (`id`)
) ENGINE=InnoDB DEFAULT CHARSET=utf8;

--
-- Constraints for dumped tables
--

--
-- Constraints for table `users_groups`
--
ALTER TABLE `users_groups`
  ADD CONSTRAINT `fk_users_groups_groups1` FOREIGN KEY (`group_id`) REFERENCES `groups` (`id`) ON DELETE CASCADE ON UPDATE NO ACTION,
  ADD CONSTRAINT `fk_users_groups_users1` FOREIGN KEY (`user_id`) REFERENCES `users` (`id`) ON DELETE CASCADE ON UPDATE NO ACTION;
COMMIT;

/*!40101 SET CHARACTER_SET_CLIENT=@OLD_CHARACTER_SET_CLIENT */;
/*!40101 SET CHARACTER_SET_RESULTS=@OLD_CHARACTER_SET_RESULTS */;
/*!40101 SET COLLATION_CONNECTION=@OLD_COLLATION_CONNECTION */;
